Age,Attrition_Num,BusinessTravel_Num,DailyRate,Department_Num,DistanceFromHome,EnvironmentSatisfaction,JobInvolvement,JobLevel,JobRole_Num,JobSatisfaction,MaritalStatus_Num,MonthlyIncome,TotalWorkingYears,YearsAtCompany,YearsInCurrentRole,YearsSinceLastPromotion,YearsWithCurrManager
,0,2,817,1,1,4,,2,2,4,1,,10,9,7,0,0
,0,2,776,2,1,3,,2,7,1,2,,16,15,13,2,8
,0,2,1488,2,1,2,,2,7,1,0,,9,4,3,1,3
,0,2,452,1,1,4,,5,3,1,2,,37,36,10,4,13
,0,1,693,1,7,4,,1,6,3,0,,4,4,2,0,3
,0,2,818,0,6,2,,1,1,3,1,,7,2,2,2,2
,0,0,750,2,22,3,,2,7,2,1,,8,7,7,0,7
,0,1,1199,1,18,3,,2,0,3,1,,10,10,2,0,2
,0,2,1490,1,11,4,,1,2,3,1,,5,2,2,2,2
,0,2,1117,1,8,4,,1,6,4,2,,5,5,3,0,2
,0,2,1431,1,1,3,,1,2,3,0,,7,3,2,1,2
,0,2,130,2,2,4,,3,7,2,2,,10,1,0,0,0
,0,1,1182,2,11,4,,2,7,4,0,,5,5,2,0,2
,0,2,1465,1,1,4,,1,6,2,1,3579,12,11,9,5,7
,0,2,167,1,8,2,,2,4,1,0,5121,7,0,0,0,0
,0,2,798,1,6,1,,1,6,3,0,2187,6,5,3,0,3
,0,2,868,2,8,1,,4,7,4,1,11836,28,2,0,2,2
,1,1,807,1,17,3,,1,6,3,1,2437,6,1,0,0,0
,0,1,1125,1,1,4,,2,6,1,1,5003,10,10,8,8,7
,0,2,921,1,2,3,4,,0,4,1,7879,9,8,7,6,7
,0,1,1490,1,2,4,3,,2,4,1,1702,1,1,0,0,0
,0,2,1469,1,8,2,2,,5,2,1,12490,16,10,9,4,7
,0,0,1123,1,16,4,4,,2,4,0,2935,1,1,0,0,0
,1,2,528,2,22,4,3,,8,3,2,1675,0,0,0,0,0
,0,1,1392,1,3,4,3,,6,3,1,2909,8,8,7,3,0
,0,0,1381,2,4,3,3,,7,3,1,6538,6,3,2,1,2
,0,2,996,1,3,4,2,,6,3,2,3230,3,3,2,1,0
,0,1,791,1,1,4,3,,2,3,2,2154,5,4,2,0,2
,1,2,224,1,1,1,2,,6,1,2,2362,11,9,7,0,7
,0,2,1239,2,13,4,3,,7,3,0,8628,9,8,7,1,1
,0,2,1176,2,3,2,3,,7,3,1,5561,6,6,0,1,2
,0,1,783,2,1,3,2,,7,4,1,6834,7,7,7,0,7
,0,2,683,1,2,1,2,,6,4,2,3904,5,4,3,1,1
,1,1,920,1,24,4,3,,2,3,0,3161,19,1,0,0,0
,0,2,334,1,5,1,4,,6,2,0,3298,7,6,2,0,5
,0,2,1440,2,7,2,3,,8,3,1,2308,12,11,10,5,7
,1,1,1125,1,16,2,1,,6,1,2,3919,10,10,2,6,7
,0,2,563,2,1,4,4,,3,1,2,17567,27,26,0,0,12
,0,2,364,1,3,4,3,,6,3,2,4317,19,3,2,2,2
,0,2,282,1,2,4,1,,3,3,1,19187,23,19,9,9,11
,0,0,999,1,26,1,2,,6,3,0,2029,5,5,4,0,0
,0,2,662,2,1,3,3,,7,2,1,7295,0,10,8,0,6
,0,2,717,1,13,3,3,,0,2,2,5562,0,10,7,0,9
,0,2,1107,1,14,4,3,,2,1,0,3034,0,18,7,12,17
,0,2,1146,0,26,3,3,,1,4,2,8837,0,9,0,1,7
,0,0,895,2,9,1,3,,8,4,2,2610,0,3,2,2,2
,1,2,359,0,18,4,4,,1,1,1,2956,0,1,0,0,0
,0,2,125,1,9,4,2,,2,3,2,2206,0,10,0,1,8
,0,2,371,1,2,4,3,,6,4,2,3944,0,3,2,1,2
,0,1,515,1,1,1,3,,5,4,2,13458,0,15,14,8,12
,0,2,180,1,2,1,4,,6,1,2,3424,0,4,3,0,1
,0,0,495,1,2,3,3,,3,3,1,17861,0,20,8,2,10
,1,2,622,1,14,3,2,,2,2,0,3743,0,4,2,0,2
,1,2,1277,1,15,2,3,3,3,3,1,13610,0,7,6,7,7
,0,2,735,1,6,3,3,1,6,3,1,3506,0,3,2,2,2
,1,2,1485,1,12,3,3,1,2,4,1,2515,0,1,1,0,0
,0,2,205,2,10,4,2,2,7,4,1,5769,0,6,2,4,4
,0,2,1229,1,4,4,3,2,0,3,1,4035,0,3,2,1,2
,0,2,931,1,14,4,3,1,6,2,1,2756,0,8,7,1,6
,0,0,1169,,14,3,3,2,6,2,1,5467,0,8,7,1,7
,1,1,988,,23,2,3,3,1,1,0,9950,11,3,2,0,2
,0,2,254,,1,2,2,1,6,4,,3622,6,6,5,1,3
,1,1,544,,3,2,3,1,8,4,,1569,0,0,0,0,0
,0,2,1134,,16,3,3,1,2,2,,2811,4,2,2,2,2
,1,2,303,,2,2,2,1,2,4,,1102,1,1,0,1,0
,0,2,685,,26,3,2,5,3,4,,19586,36,36,6,2,13
,0,2,1124,,1,2,1,2,7,4,,7457,6,4,3,0,2
,0,0,1375,,10,4,3,2,7,3,,4001,15,15,14,0,7
,0,2,1299,,27,3,3,2,0,3,,5237,17,7,7,7,7
,1,2,1162,,3,4,3,2,7,3,,5238,12,1,0,0,0
,0,2,1245,,18,4,2,5,5,3,,19502,31,31,9,0,9
,0,2,1354,,5,3,2,3,3,1,,11631,14,11,10,5,8
,1,1,827,,29,1,2,2,6,3,,4508,14,13,7,3,8
,0,0,325,,5,2,3,2,4,1,,9936,10,9,4,1,7
,0,0,786,,7,4,3,1,2,4,,2570,7,7,7,5,7
,0,1,967,2,8,2,3,3,7,4,,8998,9,9,8,3,7
,0,2,1395,1,9,2,3,2,6,3,,5098,10,10,7,0,8
,0,1,966,1,1,4,3,3,4,3,,10502,33,5,4,1,4
,0,1,146,1,2,1,2,1,6,4,,4930,6,5,4,1,4
,0,1,135,1,18,3,3,2,0,2,,6385,17,8,7,6,7
,0,1,1249,1,7,1,3,3,2,1,,5210,24,24,9,9,11
,1,2,465,1,2,1,3,1,2,1,,2707,13,9,0,1,7
,0,2,232,1,19,4,3,2,4,4,,4262,8,3,0,1,2
,0,2,759,2,2,4,3,2,7,2,,5715,8,5,0,1,3
,0,2,1329,2,4,4,2,2,7,3,,5902,17,15,0,5,9
,0,2,478,1,2,3,2,5,5,1,,19038,34,1,0,0,0
,0,2,188,1,29,2,1,2,2,4,,4272,16,1,0,0,0
,0,2,397,1,2,4,2,3,4,3,,7756,10,5,0,0,2
,0,0,1180,1,2,2,3,2,4,4,0,5762,15,7,0,1,7
,0,0,845,2,1,4,3,2,7,4,2,6653,7,1,0,0,0
,0,2,604,1,6,1,3,1,6,3,1,2773,3,2,0,2,2
,1,2,676,1,9,4,3,1,2,1,2,2018,15,5,0,1,0
,0,2,950,1,3,4,3,3,4,2,0,7655,10,9,0,1,7
,1,2,1365,2,13,2,3,2,7,1,0,4233,9,3,0,1,2
,1,2,1218,2,9,3,2,1,8,1,2,,10,5,0,0,3
,0,2,511,2,2,1,4,2,7,3,2,,9,8,0,0,7
,0,1,766,2,20,3,3,2,7,4,0,,7,2,0,2,2
,0,2,688,1,23,4,3,2,0,4,0,,10,2,0,1,2
,0,2,706,1,2,4,3,3,4,4,0,,12,9,0,4,7
,1,2,310,1,7,4,3,1,2,3,1,,14,10,0,9,8
19,1,1,602,2,1,3,1,1,,1,2,,1,0,0,0,0
34,0,2,216,2,1,2,4,2,,4,0,,16,15,0,0,9
30,0,1,160,1,3,3,3,1,,3,0,,1,1,0,0,0
30,0,2,1240,0,9,3,3,2,,4,1,,12,11,0,4,7
32,0,2,827,1,1,4,3,1,,1,2,,1,1,0,0,0
43,0,1,422,1,1,4,3,2,,4,1,,12,5,0,2,2
29,0,2,598,1,9,3,4,1,,3,1,,5,1,0,0,0
33,0,2,501,1,15,2,3,2,,4,1,,10,9,0,8,1
42,0,2,300,1,2,1,3,5,,3,1,,24,22,6,4,14
21,1,2,1334,1,10,3,2,1,,1,2,,1,1,0,1,0
42,0,0,335,1,23,4,2,2,,3,2,,20,20,9,3,7
27,0,1,1297,1,5,4,3,1,,4,2,,6,5,4,0,2
32,0,2,1018,1,2,1,4,2,,4,2,,10,7,7,0,7
29,0,2,136,1,1,1,3,2,,1,1,5373,,5,3,0,2
38,0,2,243,2,7,4,2,2,,4,2,4028,,7,7,0,5
23,0,2,310,1,10,1,4,1,,3,2,3505,,2,2,0,2
38,0,0,152,2,10,3,3,2,,4,2,5666,,5,3,1,3
120,0,2,654,2,21,3,4,1,,4,2,2678,,2,1,2,2
132,1,2,1259,1,2,4,3,1,2,2,2,1393,,1,0,0,0
144,0,,477,1,7,1,2,3,0,4,1,10248,,22,6,5,17
133,0,,832,1,5,3,2,1,6,4,1,2911,,2,2,0,2
142,0,,1332,1,2,1,2,2,0,4,2,6781,,1,0,0,0
122,0,,1136,1,5,4,4,1,6,2,0,2328,,4,2,2,2
144,0,,383,2,1,1,3,2,7,3,1,4768,,1,0,0,0
131,0,,154,2,7,2,2,1,8,3,1,2329,,7,7,5,2
130,0,,1312,1,23,1,1,1,6,3,0,2613,,10,7,0,9
122,1,,617,1,3,2,3,2,4,3,1,4171,,3,2,0,2
136,0,,430,1,2,4,,2,6,2,1,6962,,1,0,0,0
135,0,,819,1,18,2,,2,6,1,1,5208,,16,15,1,10
145,0,,336,2,26,1,,2,7,1,1,4385,,10,7,4,5
118,0,,287,1,5,2,,1,6,4,2,1051,,0,0,0,0
143,0,,823,1,6,1,,5,3,3,1,19392,,16,12,6,14
159,0,,1429,1,18,4,,3,4,4,2,10512,,9,7,5,4
129,1,,459,1,24,4,,1,6,4,2,2439,,1,0,1,
130,0,,852,2,10,3,,2,7,3,1,6578,,10,3,1,
131,0,,587,2,2,4,,3,7,3,0,9852,,10,8,9,
137,0,,799,1,1,2,,3,4,0,2,7491,,6,5,1,
135,0,,890,2,2,4,,1,8,0,1,2014,2,,2,2,
35,0,,950,1,7,3,,3,4,0,2,10221,17,,5,1,
44,0,,381,1,24,1,,1,2,0,2,3708,9,,2,1,
50,0,,333,1,22,3,,4,5,0,2,14411,32,,6,13,
27,0,,894,1,9,4,,1,6,0,2,2279,7,,7,0,
29,0,,718,1,8,2,,2,4,0,1,5056,10,,7,1,
32,0,,128,1,2,4,2,2,2,0,2,2176,9,,2,0,
27,0,,691,1,9,4,3,,6,0,0,2024,6,,2,2,
48,0,,163,2,2,2,3,,7,0,1,4051,14,,7,6,
51,0,,1302,1,2,4,1,,4,0,0,5482,13,,1,1,
52,0,,621,2,3,3,2,,3,0,1,16856,34,,6,1,
47,0,,703,2,14,4,3,,7,0,2,4960,20,,7,1,
45,0,,805,1,4,3,3,,2,0,1,4447,9,,7,0,
53,0,,1070,1,3,3,3,,5,0,1,17584,21,,3,1,
26,0,,652,1,7,3,4,,2,0,2,3578,8,,7,0,
32,0,,634,1,5,2,4,,6,0,1,3312,6,,2,0,
31,1,,249,2,6,2,1,,7,0,1,6172,12,,7,7,
29,1,,906,1,10,4,2,,6,0,2,2404,3,,0,0,0
25,0,,675,1,5,2,4,,0,0,0,4000,6,,3,1,5
59,0,,1435,,25,1,3,,7,0,2,7637,28,,16,7,9
40,0,,1184,,2,2,3,,7,0,1,4327,5,,0,0,0
37,0,,1192,,5,4,3,,4,0,0,6347,8,,2,0,4
53,0,,661,,1,1,2,,4,0,1,12965,27,,2,0,2
36,0,,188,,7,2,3,,6,0,2,4678,8,,2,0,1
45,0,,1199,,7,1,4,2,4,0,1,6434,9,,2,0,2
41,1,,906,,5,1,2,1,6,0,0,2107,5,,0,0,0
30,0,,1082,,12,2,3,2,7,0,2,6577,6,,4,4,4
60,0,,1179,,16,1,3,2,7,1,2,5405,10,,2,2,2
39,0,,505,,2,3,3,3,0,3,2,10938,20,,6,11,8
31,0,,218,,7,2,4,2,7,4,1,6929,10,,7,7,7
,0,,546,,5,3,3,1,6,4,2,3117,3,2,2,2,2
,0,,319,,4,1,3,1,8,4,0,2793,13,9,8,5,8
,1,,813,,14,3,3,1,2,4,1,2436,8,5,4,0,4
,0,,895,,15,1,3,1,2,3,0,2207,4,4,2,2,2
,1,,1449,,2,1,1,5,3,2,2,18824,26,24,10,1,11
,0,,1005,,2,4,3,1,2,4,2,3068,8,7,7,3,6
,1,,1320,,8,4,2,1,2,3,2,3989,5,5,4,1,2
,0,,589,,28,2,3,2,2,3,1,5207,15,15,14,5,7
,0,,1387,,10,2,3,2,4,1,1,5377,10,7,7,7,7
,0,,217,,10,2,3,2,7,3,2,5487,10,10,4,0,9
,0,,1202,,2,2,4,2,0,3,,6377,15,12,11,11,8
,0,,711,,5,2,3,3,0,1,,8008,9,3,2,0,2
,0,,1207,,28,4,4,1,2,3,,3221,20,20,8,3,8
,0,,735,,3,4,2,2,7,4,,8103,9,4,2,0,1
50,0,,1115,,1,1,3,5,5,2,,18172,28,8,3,0,7
25,0,,622,,13,2,3,1,8,3,,2096,7,7,4,0,6
28,0,,821,,5,1,3,2,7,4,,4908,4,4,2,0,2
41,0,,1283,,5,2,4,1,6,3,,2127,7,4,2,0,3
42,0,,691,,8,3,3,2,7,2,,6825,10,9,7,4,2
37,0,,921,,10,3,3,1,2,1,,3452,17,5,4,0,3
31,0,,1222,,11,4,3,1,6,4,,2356,8,6,4,0,2
36,0,,530,,2,3,3,2,8,4,,4502,17,13,7,6,7
32,0,,1146,1,15,3,3,2,0,4,,6667,9,5,1,1,2
42,0,,179,0,2,4,4,2,1,1,,6272,10,4,3,0,3
37,0,,290,1,21,2,4,1,6,1,,3564,8,8,7,1,7
45,1,,306,2,26,1,3,2,7,1,,4286,5,1,1,0,0
38,0,,1336,0,2,1,3,1,1,2,,2592,13,11,10,3,8
36,0,,1351,1,26,1,3,2,0,3,,5347,10,3,2,0,2
52,0,,1053,1,1,4,3,4,3,4,,17099,26,9,8,7,8
43,0,,982,1,12,1,2,4,5,2,,14336,25,25,10,3,9
33,0,,1296,1,6,3,3,2,0,4,,7725,15,13,11,4,7
33,1,,1076,1,3,1,3,1,6,1,,3348,10,10,8,9,7
30,0,,634,1,17,2,3,3,3,1,,11916,9,9,1,0,8
35,0,,1214,1,1,2,2,1,6,3,,2859,6,6,4,0,4
34,0,,937,2,1,1,3,3,7,4,,9888,14,14,8,2,1
57,0,,334,1,24,3,4,3,0,4,,9439,12,5,3,1,4
25,0,,810,2,8,4,4,2,7,2,,4851,4,3,2,1,2
52,0,,771,2,2,1,2,5,3,3,2,19068,33,33,7,15,12
54,0,,1050,1,11,2,3,4,3,4,0,16032,26,14,9,1,12
30,0,,1334,2,4,3,2,2,7,2,0,5209,11,11,8,2,7
51,0,,541,2,2,2,3,3,7,2,1,10596,14,4,2,3,2
29,0,,1404,2,20,3,3,1,8,4,1,2157,3,3,1,0,2
31,0,,828,2,2,2,3,2,7,4,2,6582,10,6,5,0,5
32,0,,976,2,26,3,3,2,7,4,1,4465,4,3,2,2,2
33,0,,530,2,16,3,3,2,7,4,0,5368,7,6,5,1,2
35,0,,1361,2,17,3,3,2,7,1,1,8966,15,7,7,1,7
42,0,,855,1,12,2,3,1,2,2,0,2766,7,5,3,0,4
36,0,,469,1,3,3,3,1,6,2,1,3692,12,11,10,0,7
58,1,,601,1,7,3,2,3,4,1,1,,31,10,9,5,9
50,0,,854,2,1,4,3,5,3,4,0,,32,7,0,0,6
37,0,,1063,1,25,2,3,2,6,3,1,,15,13,11,10,7
39,0,,1089,1,6,2,3,3,4,2,2,,9,2,0,2,2
30,0,,855,2,7,4,3,2,7,1,0,,8,3,2,0,2
40,0,,1094,2,28,3,1,3,7,1,0,,20,1,0,0,1
54,0,,1217,1,2,1,3,3,5,3,1,,16,4,3,0,3
30,0,,921,1,1,4,1,1,2,3,1,,7,2,2,0,2
29,0,,574,1,20,4,3,1,2,4,1,,11,11,8,3,10
28,1,,289,1,2,3,2,1,2,1,2,,8,0,0,0,0
36,0,,1040,1,3,4,4,2,0,1,0,,13,5,4,0,4
40,0,,1416,1,2,1,3,5,5,3,0,,22,21,7,3,9
40,0,,663,1,9,3,3,2,2,3,0,,11,8,7,0,7
48,0,,492,2,16,3,3,2,7,3,0,6439,,8,7,7,7
139,1,,360,1,23,3,3,1,6,1,2,3904,,5,2,0,3
135,0,,1229,1,8,4,4,1,2,4,1,2269,,1,0,0,1
137,0,,1372,1,1,4,3,1,6,4,2,2115,,17,12,5,7
145,0,,252,1,2,2,2,1,6,3,2,2274,,1,0,0,0
137,0,2,482,1,3,3,3,3,4,3,1,9434,,10,7,7,8
154,0,2,685,1,3,4,3,4,5,4,1,17779,,10,9,0,9
136,0,1,1467,2,11,2,3,3,7,4,1,9738,,9,7,2,8
132,0,2,1093,2,6,2,3,2,7,3,2,5010,,11,8,5,7
121,1,2,156,2,,3,4,1,8,2,2,2716,,1,0,0,0
159,0,2,326,2,,3,2,2,7,4,2,5171,,6,1,0,5
137,1,2,370,1,,4,3,2,4,1,2,4213,,10,3,0,8
153,0,1,124,2,,3,2,3,7,2,1,7525,,,7,6,12
127,1,2,1420,2,,3,3,1,8,1,0,3041,,,3,0,2
141,0,2,645,2,,2,4,3,7,1,1,8392,,,7,0,7
146,1,2,261,1,,4,3,2,0,2,1,8926,,,7,3,7
118,0,0,1431,1,,2,3,1,6,3,2,1514,,,0,0,0
128,0,2,1451,1,,1,2,1,6,2,1,3201,6,,3,0,4
141,0,2,930,2,,3,2,2,7,2,0,8938,14,,4,0,4
136,0,2,1174,2,,1,3,2,7,2,2,9278,15,,4,0,1
149,0,2,1261,1,,2,2,3,0,3,2,10965,26,,2,0,0
132,1,2,515,1,,4,2,1,2,3,2,3730,4,,2,1,2
138,0,1,1189,1,,4,3,2,6,4,1,4735,19,,11,2,9
128,1,2,1404,1,,3,2,1,2,4,0,2367,6,,1,0,3
138,0,2,1245,2,,3,3,2,7,2,1,9924,10,,8,7,7
149,0,2,271,1,,3,2,2,2,1,1,4789,10,,2,1,2
37,0,2,1305,1,10,3,3,2,4,2,2,4197,18,,0,0,1
32,0,2,588,2,8,3,2,2,7,2,1,5228,13,,12,11,9
34,1,1,234,1,9,4,3,2,2,1,1,5346,11,,1,0,7
56,0,2,713,1,8,3,3,1,6,1,0,4257,19,,2,2,2
38,0,0,573,1,6,2,1,2,6,4,0,5329,17,,11,1,9
25,0,2,949,1,1,1,3,1,2,4,1,3229,7,,2,0,2
47,0,0,1162,1,1,3,3,3,5,2,1,11957,14,,8,5,12
37,0,2,367,1,25,3,2,2,0,4,0,5731,9,,2,1,3
42,0,2,1059,1,9,4,2,5,3,4,2,19613,24,,0,0,1
41,0,2,802,2,9,3,3,3,7,3,0,8189,12,,7,0,7
41,0,2,918,2,6,4,3,3,7,3,2,9241,10,,8,8,7
47,1,1,1093,2,9,3,1,4,7,3,1,12936,25,,5,14,10
45,0,1,364,1,25,2,3,5,3,2,2,18061,22,,0,0,0
25,0,1,772,1,2,4,4,2,4,3,0,5206,7,,7,0,7
51,0,2,770,0,5,3,3,4,3,2,0,14026,33,,9,0,10
23,0,2,373,1,1,4,3,1,6,3,1,1223,1,,0,0,1
43,0,2,244,0,2,2,3,1,1,4,2,3539,10,,7,1,8
35,0,2,1370,1,27,4,3,2,4,3,1,6883,17,,7,0,7
29,1,1,115,2,13,1,3,2,7,2,2,5765,7,,3,0,0
42,0,2,532,1,4,3,3,5,3,4,1,19232,22,,17,11,15
56,0,2,1255,1,1,1,,,6,1,1,2066,5,3,2,1,0
35,0,2,583,1,25,3,,,0,3,0,10388,16,16,10,10,1
29,0,2,1370,1,3,2,,,2,1,2,4723,10,10,9,1,5
50,1,1,878,2,1,2,,,7,3,0,6728,12,6,3,0,1
36,0,2,1041,0,13,3,,,1,2,1,2143,8,5,2,0,4
35,0,2,809,1,16,1,,,2,2,1,2426,6,5,4,0,3
36,0,2,311,1,7,1,,,2,2,2,2013,15,4,3,1,3
53,0,2,661,2,7,1,,,7,4,1,10934,35,5,2,0,4
46,0,0,849,2,26,2,,,7,2,2,7991,6,2,2,2,2
27,0,0,1277,1,8,1,,,2,3,1,4621,3,3,2,1,2
49,0,2,464,1,16,4,,,2,1,0,2587,17,2,2,2,2
24,0,2,1206,1,17,4,,,4,3,0,4377,5,4,2,3,2
28,0,0,280,0,1,3,,,1,4,0,2706,3,3,2,2,2
31,0,2,655,1,7,4,,,2,4,0,5915,10,7,7,1,7
35,0,2,992,1,1,4,,,2,1,2,2450,3,3,0,1,2
38,0,2,1009,2,2,2,,,7,1,0,6893,11,7,7,1,7
35,0,2,660,2,7,4,,,8,3,1,2404,1,1,0,,0
25,0,2,882,1,19,4,,,2,4,1,3669,7,3,2,,2
40,0,2,611,2,7,2,,,3,2,2,19833,21,21,8,,8
32,0,2,906,2,7,4,,2,7,3,1,,13,13,8,,8
34,0,2,1031,1,6,3,,2,6,2,0,,12,1,0,,0
47,0,2,571,2,14,3,,2,7,3,1,,11,5,4,,2
32,0,0,862,2,2,3,,1,8,1,0,,1,1,0,,0
52,0,2,258,1,8,3,,1,2,1,1,,12,5,4,,4
36,0,0,217,1,18,1,,2,4,4,2,,18,11,9,,9
36,0,1,884,1,23,3,,2,2,4,1,,17,5,2,,3
45,0,2,192,1,10,1,,1,6,4,1,,8,2,2,,2
29,1,2,408,2,23,4,,3,7,1,1,,11,11,8,,10
33,0,2,654,1,5,4,,3,0,,0,,9,3,2,,2
35,0,2,1343,1,27,3,,1,6,,2,,6,6,5,,1
22,1,1,1368,1,4,3,,1,2,,2,,4,2,2,,2
23,0,2,650,1,9,2,,1,2,,1,,5,4,3,,2
45,0,2,193,1,6,4,,3,5,,1,,17,0,0,,0
26,1,2,920,0,,4,,1,1,,1,,6,5,1,,4
37,0,2,1319,1,,3,,2,6,,0,,13,7,7,,7
44,0,2,1315,1,,4,,5,3,,1,,26,2,2,,1
50,0,2,1464,1,,2,,5,5,,,19237,29,8,1,,7
31,0,2,1003,2,,1,,2,7,,,8346,6,5,2,,2
20,1,1,769,2,,4,,1,8,,,2323,2,2,2,0,2
41,0,2,427,0,,2,,5,3,,,19141,23,21,6,12,6
36,0,1,1302,1,,1,,2,2,,,5562,9,3,2,0,2
29,0,2,991,2,,1,,2,7,,,4187,10,10,0,0,9
34,0,2,1153,1,,1,,2,4,,,4325,5,5,2,1,3
42,0,1,532,1,,1,,2,6,,,4556,19,5,4,0,2
37,0,2,571,1,,4,,1,6,,,2782,6,5,3,4,3
38,0,0,1327,2,,4,,2,7,4,,5249,13,8,7,7,5
23,1,1,638,2,,4,,1,8,1,,1790,1,1,0,1,0
30,0,1,1312,1,,4,,1,6,1,,4968,10,9,7,0,7
36,1,2,660,1,,1,,2,2,3,,4834,9,1,0,0,0
33,0,0,722,2,,4,,4,3,3,,17444,10,10,8,6,0
27,0,2,1130,2,,2,,2,7,2,,6214,8,8,7,0,7
21,1,2,1427,1,,4,,1,6,4,,2693,1,1,0,0,0
28,0,2,1217,1,,3,,1,6,1,,3591,3,3,2,1,2
34,0,1,135,1,,3,,2,2,2,,4444,15,11,8,5,10
48,0,2,817,2,,2,,2,7,2,,8120,12,2,2,2,2
20,0,2,805,1,,1,,1,2,3,,3033,2,2,2,1,2
46,0,2,644,1,,4,,3,0,1,,9396,17,4,2,0,3
29,0,1,461,1,1,4,,2,0,3,,6294,10,3,2,0,2
33,1,2,603,2,9,1,,2,7,1,2,8224,,5,2,0,3
24,1,2,984,1,17,4,,1,2,2,1,2210,,1,0,0,0
24,0,2,1127,1,18,2,,1,2,3,1,2774,,5,3,1,2
32,0,2,824,1,5,4,,2,6,2,1,5878,,7,1,2,5
34,0,2,1397,1,1,2,,1,6,4,1,2691,,10,9,8,8
37,0,1,663,1,11,2,,3,5,4,0,12185,,10,8,0,7
52,1,2,723,1,8,3,,2,6,2,1,4941,,8,2,7,7
36,0,1,1480,1,3,4,,1,2,2,2,2088,,8,7,7,2
35,1,1,662,2,18,4,,2,7,3,1,4614,,4,2,3,2
29,0,2,1090,2,10,4,,1,8,2,0,2297,,2,2,2,2
30,0,2,1275,1,28,4,,2,6,4,1,5775,,10,8,1,9
42,0,1,1368,1,28,4,,2,0,4,1,4523,,6,5,0,4
26,1,0,265,2,29,2,,2,7,1,2,4969,,2,2,2,2
31,0,1,715,2,2,4,,2,7,1,2,5332,,5,2,0,3
51,0,1,968,1,6,2,,1,2,3,2,2838,,7,0,7,7
38,0,1,148,1,2,4,,1,2,2,2,2440,,4,3,3,3
39,0,2,116,1,24,1,,2,6,4,2,4108,,7,7,1,7
35,0,2,1142,1,23,3,,1,2,1,1,4014,,2,2,2,2
29,1,2,992,1,1,3,,1,6,3,2,2058,,6,2,1,5
19,1,2,489,0,2,1,,1,1,4,2,2564,,1,0,0,0
21,0,2,1343,2,22,3,,1,8,3,2,3447,3,,2,1,2
41,0,2,1411,1,19,3,,2,6,1,0,3072,17,,0,0,0
37,0,2,589,2,9,2,,2,7,2,1,4189,5,,2,0,3
29,1,2,806,1,7,2,,1,2,3,0,3339,10,,7,7,7
18,1,1,1306,2,5,2,,1,8,2,2,1878,0,,0,0,0
29,1,2,318,1,8,2,,1,2,1,1,2119,7,,7,0,7
34,0,2,419,1,7,1,,3,5,2,2,11994,13,,6,2,11
35,0,1,853,2,18,2,,3,7,1,1,9069,9,,8,1,8
53,0,2,1219,2,2,1,,4,3,4,1,15427,31,,8,3,7
26,0,2,1443,2,23,3,,2,7,4,1,4157,5,,2,0,0
35,1,2,104,1,2,1,,1,2,1,0,2074,1,,0,0,0
37,0,2,161,1,10,3,,3,5,4,1,13744,16,,11,6,8
31,0,2,326,2,8,1,,3,7,4,0,10793,13,,7,9,9
36,0,,541,2,3,1,,3,7,4,1,9699,16,,9,1,12
25,0,,883,2,26,3,,2,7,4,2,6180,6,,5,1,4
35,1,,763,2,15,1,,2,7,4,0,5440,7,,2,2,2
43,0,,920,1,3,3,,5,5,4,1,19740,25,,7,0,7
44,0,,1112,0,1,1,,2,1,3,2,5985,10,,2,0,2
34,0,,618,1,3,1,,2,0,4,2,7756,7,,2,0,4
31,1,,307,1,29,3,,1,2,2,2,3479,6,,4,1,4
28,1,,654,1,1,1,,1,6,2,2,2216,10,,7,3,7
37,0,,1462,1,11,1,,1,2,3,2,3629,8,,2,0,2
56,1,,1162,1,24,1,,1,2,4,2,2587,5,,2,1,0
47,0,,955,2,4,4,,2,7,4,2,4163,9,,0,0,7
,1,,289,1,2,4,,1,6,3,2,2479,7,1,0,0,0
,1,,240,0,22,4,,1,1,3,1,1555,1,1,0,0,0
,0,,867,1,9,1,,2,4,1,1,5151,10,10,0,7,9
,0,,1326,2,3,4,,2,7,1,2,4759,15,13,9,3,12
,0,,447,1,2,4,,4,5,2,2,16598,35,9,8,8,8
,0,2,548,1,9,3,,1,2,1,0,2289,5,5,3,0,4
,1,1,448,2,12,2,,1,8,1,1,2033,1,1,0,0,0
,1,2,436,2,2,3,,2,7,4,2,5160,12,9,7,7,3
,0,2,833,1,18,2,,2,0,4,1,5811,15,1,0,1,0
,0,2,174,2,8,4,,4,7,2,1,13120,22,9,8,2,3
,1,2,895,2,5,4,,2,8,4,1,2086,19,1,0,0,0
,0,2,395,2,9,2,,1,8,2,1,2899,3,2,2,1,2
,0,2,939,1,24,4,,4,4,3,1,13973,22,12,11,1,5
,1,2,138,1,22,1,,1,6,3,1,2132,7,5,2,0,1
,0,1,585,1,10,1,,1,6,3,1,3433,10,5,2,1,3
,0,2,1377,2,2,4,,2,7,3,2,4478,5,5,4,0,4
,0,0,458,1,16,3,,1,6,3,0,3544,6,4,2,0,0
,0,2,1467,1,20,4,,1,6,2,2,3420,6,5,2,1,3
,1,1,887,1,5,3,,1,6,3,1,2366,8,8,7,1,7
,0,2,1450,1,15,4,,5,5,2,1,19081,25,4,2,0,3
,0,1,840,1,9,1,,5,5,3,0,19419,21,18,16,0,11
,0,2,750,1,28,2,,2,2,3,1,3407,10,10,9,6,8
,0,2,1353,2,3,1,,2,7,3,1,4999,4,3,2,0,2
,0,2,722,1,25,3,,1,2,1,1,3211,10,9,6,1,4
34,0,0,,1,3,3,,1,6,4,1,2979,6,0,0,0,0
42,0,0,,1,21,3,,2,4,3,0,5265,11,5,3,0,2
50,0,2,,1,1,4,,,5,4,0,17399,32,5,4,1,3
37,0,2,,2,10,4,,,7,4,0,6694,8,1,0,0,0
26,0,1,,1,1,1,,,6,3,0,2007,5,5,3,1,3
46,0,2,,2,3,1,,,3,3,1,17465,23,12,9,4,9
40,0,1,,2,5,4,,,7,1,1,10475,20,18,13,1,12
27,0,2,,2,23,2,,,8,3,1,3540,9,9,8,5,8
22,0,2,,1,15,2,,,2,4,2,2871,1,0,0,0,0
36,0,0,,1,24,2,,,2,2,1,5674,11,9,8,0,8
31,1,2,,1,22,4,,,4,3,1,6179,10,10,2,6,7
41,0,2,,0,1,4,,,3,3,1,19189,22,22,7,2,10
28,0,2,,1,19,4,,,2,1,1,3196,6,6,5,3,3
32,1,2,,1,9,1,,,2,1,2,4200,10,5,4,0,4
23,0,2,,2,2,3,,,8,1,0,2322,3,0,0,0,0
47,0,1,,1,16,3,,,4,3,0,5067,20,19,10,2,7
33,0,1,,2,7,4,,,7,2,1,4302,4,3,2,0,2
38,0,2,,2,2,2,,,8,4,1,5405,20,4,2,0,3
44,0,2,,1,2,1,,,6,4,1,2011,10,10,5,7,7
30,0,0,829,1,1,3,,,4,3,2,8474,12,11,8,5,8
40,0,2,444,2,2,2,,,7,2,1,5677,15,11,8,5,10
44,1,2,621,1,15,1,,,0,4,1,7978,10,10,7,0,5
38,0,1,1394,1,8,4,,,6,2,0,2133,20,20,11,0,7
34,1,2,1107,0,9,1,,,1,3,1,2742,2,2,2,2,2
26,0,2,703,2,28,1,,,7,2,1,6272,6,5,3,1,4
44,1,1,429,1,1,3,,1,6,2,0,2342,6,5,3,2,3
29,0,1,410,1,2,4,,1,2,2,1,3180,4,3,2,0,2
40,0,2,658,2,10,1,,3,7,2,0,9705,11,1,0,0,0
54,0,2,548,1,8,3,,2,2,3,2,3780,19,1,0,0,0
32,0,1,116,1,13,3,,1,2,2,1,2743,2,2,2,2,2
28,0,2,760,2,2,2,,2,7,2,1,4779,8,8,7,7,5
44,0,0,111,1,17,4,,1,6,,2,2290,6,0,0,0,0
22,0,2,594,1,2,3,,1,2,,1,2523,3,2,1,2,1
58,0,2,1145,1,9,2,,1,6,,1,3346,9,1,0,0,0
31,0,2,691,2,7,4,,2,7,,0,7547,13,7,7,1,7
34,1,1,296,2,6,4,,1,8,,0,2351,3,2,2,1,0
37,0,1,1231,2,21,3,,1,8,,1,2973,10,5,4,0,0
31,0,2,311,1,20,2,,2,2,,0,4197,10,10,8,0,2
48,0,2,1469,1,20,4,,1,6,,1,2259,13,0,0,0,0
51,0,2,1405,1,11,4,,4,4,,2,13142,29,5,2,0,3
37,0,2,1189,2,3,3,,,7,,2,7428,12,5,3,1,3
33,0,2,1075,0,3,4,,,1,,0,2277,7,4,3,0,3
41,0,2,896,2,6,4,,,3,,2,13591,16,1,0,0,0
35,0,2,819,1,2,3,,,4,,0,10274,15,7,7,6,4
44,1,2,935,1,3,1,,,2,,1,2362,10,3,2,1,2
59,0,2,1089,2,1,2,,,3,,1,11904,14,6,4,0,4
42,0,2,933,1,29,2,,,4,2,1,4434,10,9,8,7,8
25,0,2,309,0,2,3,,,1,2,1,2187,6,2,0,1,2
29,1,2,428,2,9,2,,,8,2,2,2760,2,2,2,2,2
32,0,2,495,1,10,3,,,3,4,2,11244,10,5,2,0,0
40,0,2,1300,1,24,1,,,6,4,0,3319,9,9,8,4,7
50,0,2,1099,1,29,2,,,3,3,1,17046,28,27,10,15,7
54,0,2,971,1,1,4,,,5,4,2,17328,29,20,7,12,7
43,0,2,930,1,6,1,,,6,3,2,4081,20,20,7,1,8
30,0,2,853,1,7,3,3,,2,3,0,,,10,7,8,9
26,1,2,471,1,24,3,1,,2,4,2,,,1,0,0,0
42,0,2,932,1,1,4,2,,4,4,1,,,4,3,0,2
43,0,1,1082,1,27,3,3,,4,1,1,,,8,7,0,1
32,0,2,646,1,9,1,3,,6,4,1,,,6,4,0,5
27,0,2,1240,1,2,4,3,,2,1,0,,,1,0,0,0
39,0,1,945,1,22,4,3,,4,1,2,,,21,6,2,8
34,0,1,648,0,11,3,2,2,1,2,1,,,10,9,1,8
35,1,2,737,2,10,4,2,3,7,1,1,,,13,12,6,0
48,0,2,1221,2,7,3,3,2,7,1,0,,,2,2,2,2
24,1,1,1287,1,7,1,3,1,2,3,1,,,6,3,1,2
43,0,2,589,1,14,2,3,4,5,1,1,,,4,1,1,0
45,0,0,1238,1,1,3,2,3,0,3,1,,,23,15,14,4
54,0,2,155,1,9,1,3,2,6,3,1,,,4,3,2,3
26,0,2,482,1,1,2,2,1,6,3,1,,,1,0,1,0
55,0,2,111,2,1,1,3,3,7,4,1,,,1,0,1,0
30,0,2,852,1,1,4,2,2,2,4,1,,,10,8,3,0
51,0,2,313,1,3,4,3,4,0,2,2,,,7,7,1,0
22,1,2,1294,1,8,3,3,1,2,1,1,,,1,0,0,0
30,0,2,1358,2,16,4,3,2,7,3,1,,,2,1,2,2
40,0,1,,1,9,4,3,1,6,2,0,,,1,1,0,0
58,0,2,,2,21,4,3,4,3,4,1,,,1,0,0,0
27,0,1,,2,8,4,3,3,7,3,2,,,9,8,1,7
50,1,1,,2,1,4,3,2,7,3,2,,5,,0,0,0
27,1,1,,0,22,1,2,1,1,2,1,,1,,0,0,0
52,0,2,,1,4,4,3,4,3,4,1,,31,,2,1,4
35,0,0,,1,8,3,3,2,0,3,1,,15,,11,2,9
36,1,2,,2,3,3,2,3,7,4,1,,16,,7,3,7
120,1,2,,1,4,1,3,1,2,1,2,,1,,0,0,0
138,0,2,,1,1,3,3,1,6,1,2,,8,,0,0,0
134,0,1,,1,1,4,3,1,6,1,0,,10,,3,1,3
153,1,2,,2,24,1,3,3,7,1,2,,15,,2,2,2
143,0,2,,1,7,3,3,3,0,1,1,,10,,0,0,0
134,0,1,,1,10,4,2,2,0,3,1,,8,,2,7,7
156,0,2,,1,7,4,1,3,4,4,2,,37,,4,0,2
131,0,0,,,20,4,3,2,7,3,1,,9,,8,0,0
147,0,2,,,2,3,3,2,7,4,1,,8,,6,7,7
145,0,2,,,4,3,1,3,1,3,1,,9,,0,0,3
138,0,2,,,1,1,2,2,7,4,2,,12,,3,0,7
127,0,2,,,2,2,3,1,6,2,1,,6,,3,1,2
148,1,1,,,7,4,3,1,8,3,1,,19,,7,7,7
135,0,2,,,3,4,3,3,7,4,0,,12,,9,0,8
120,1,2,,,10,4,3,1,6,3,2,,1,,0,1,1
151,0,1,,,9,4,3,5,3,2,0,,31,,10,11,10
140,0,2,,,1,2,3,1,2,2,1,,7,,2,0,3
131,0,0,,,10,3,3,3,5,3,1,,13,,7,4,8
135,0,2,528,,8,3,,1,1,3,2,,6,,4,1,4
129,1,1,746,,24,3,,1,8,1,2,,1,,0,0,0
156,0,1,906,,6,3,,4,7,1,1,,36,,7,7,7
131,0,2,1274,,9,3,,3,4,2,0,,13,,8,0,8
136,0,0,301,,15,4,,2,7,4,0,,15,,12,11,11
127,0,2,1302,,19,4,,1,2,1,0,,7,,7,0,7
133,0,2,213,1,7,3,,3,5,3,1,,14,,9,3,7
140,0,2,1194,1,2,3,,1,6,3,1,,20,,3,0,2
132,0,2,604,2,8,3,,2,7,4,1,,10,,7,0,8
128,0,2,736,2,26,3,,2,7,1,1,,5,5,3,0,4
130,0,2,1358,1,24,4,,1,2,3,0,,1,1,0,0,0
128,0,2,1423,1,1,1,,1,6,3,0,,1,1,0,0,0
130,0,2,1092,1,10,1,,3,4,3,2,,9,7,7,0,2
129,0,2,665,1,15,3,,1,6,4,2,,6,6,5,1,5
140,0,1,791,1,2,3,,2,0,2,1,,8,8,7,3,7
134,0,1,702,1,16,3,,1,6,4,2,,6,5,2,1,3
,1,2,318,1,9,4,,1,6,3,1,,2,1,0,0,0
,0,0,673,1,11,1,,2,4,3,0,,5,4,2,1,3
,0,2,465,1,14,1,,1,6,3,0,,13,9,8,1,8
,1,2,556,1,23,2,2,2,4,3,1,,8,1,0,0,1
,0,2,196,2,29,1,2,2,7,4,1,,13,12,7,5,7
,0,2,185,1,23,2,1,1,2,3,1,,6,5,,0,3
,0,0,439,1,9,3,3,2,2,2,2,,9,5,,0,3
,0,2,170,1,3,3,2,2,2,3,0,,11,10,,0,7
,0,0,1496,1,1,4,3,2,4,3,1,,10,10,,0,9
,0,2,199,1,6,4,2,1,6,3,1,,4,4,,2,2
,0,0,727,1,3,3,2,1,2,3,1,,1,1,,0,0
,0,2,1128,1,13,2,4,2,0,1,1,,10,0,,0,0
,0,2,608,1,1,3,3,3,4,1,1,,9,9,,0,7
,0,0,667,1,1,3,3,,0,3,0,,13,13,,1,9
,0,2,1329,2,29,3,3,,7,1,0,,8,4,,0,3
,0,2,1324,1,3,3,4,,2,1,1,,12,1,,0,0
,0,0,1065,2,23,2,3,,7,3,2,,10,9,,8,7
,0,2,480,1,7,2,3,,4,1,1,,13,13,,3,12
45,0,2,1329,1,2,4,2,,4,4,0,,10,10,,3,9
43,0,0,1344,1,7,4,4,,6,4,0,,7,5,,2,2
32,0,1,689,2,9,4,1,,7,4,0,,9,8,,0,7
29,1,2,896,1,18,3,2,,6,4,2,,4,4,,0,1
46,0,0,1144,1,7,3,3,,4,3,1,,7,1,,0,0
36,0,2,938,1,2,3,3,,2,3,2,,16,11,,3,9
31,1,1,534,1,20,1,3,,0,3,1,,12,1,,0,0
47,0,2,983,1,2,1,3,,4,4,0,,20,5,,0,4
53,0,2,1282,1,5,3,3,,3,3,0,,26,14,,4,8
47,0,0,543,2,2,3,3,,7,2,1,,4,1,,0,0
34,1,2,790,2,24,1,2,,7,2,2,,16,15,,10,10
41,0,0,509,1,2,1,2,,0,3,2,,10,8,,0,7
33,0,2,1069,1,1,2,2,2,0,4,2,,6,5,,1,4
33,0,0,1313,1,1,2,2,1,2,3,0,,1,1,,0,0
29,0,2,441,1,8,3,1,2,0,1,1,,9,7,,0,7
35,0,2,384,2,8,1,3,1,8,4,1,,3,,2,0,2
56,0,2,1443,2,11,4,2,2,7,1,1,,6,,0,0,0
35,1,2,1204,2,4,4,,3,7,1,2,,9,,7,4,7
,0,2,857,1,10,3,,2,6,3,2,,10,,7,1,7
,0,0,111,1,9,3,,2,2,1,0,,12,,9,6,10
,0,2,797,1,4,1,,5,5,2,0,,28,,4,1,6
,0,1,1012,1,5,2,,1,6,4,0,,10,,4,0,3
,0,1,1234,1,20,2,,4,0,3,1,,32,,8,12,13
,0,2,470,1,2,4,,2,4,1,1,,13,,9,5,9
,0,2,1252,1,23,3,,1,6,3,1,,10,,7,0,7
,0,2,334,2,2,4,,4,3,2,2,,22,,10,0,4
,0,2,433,0,1,3,,1,1,3,1,,7,,6,5,0
,0,2,1055,1,2,1,,2,4,4,1,,4,,2,2,2
,0,2,528,0,1,3,,1,1,4,0,3195,8,,2,2,2
,0,0,585,2,29,1,,1,8,4,0,3482,16,,8,0,0
,0,2,1206,1,9,2,,1,6,4,0,4771,10,,2,0,3
,1,2,1329,1,7,1,,1,2,1,2,2166,10,,2,0,3
,0,2,228,2,3,3,,4,3,2,1,16606,23,,12,5,1
49,0,2,470,1,20,3,3,2,4,1,1,6567,16,,11,5,11
29,0,2,469,2,10,3,2,2,7,3,2,5869,8,,2,1,4
27,0,2,1291,2,11,3,4,1,8,4,1,2534,5,,0,0,0
42,0,2,635,2,1,2,3,2,7,3,1,4907,20,,16,11,6
30,0,2,202,2,2,3,3,1,8,2,1,2476,1,,0,0,0
32,0,2,267,1,29,3,2,1,2,2,2,2837,6,,2,4,1
35,0,1,664,1,1,2,3,1,6,1,1,2194,5,,2,1,2
60,0,2,422,1,7,1,3,5,3,1,1,19566,33,,8,11,10
42,0,1,1271,1,2,2,3,1,6,4,2,2515,8,,1,2,2
39,0,2,466,1,1,4,2,4,4,4,1,12742,21,,6,11,8
40,0,1,593,1,9,2,3,3,5,3,2,13499,20,,7,2,13
22,0,2,217,1,8,2,1,1,2,1,1,2451,4,,3,1,1
36,0,0,635,2,10,2,3,3,7,4,2,9980,10,,3,9,7
35,0,1,636,1,4,4,2,1,2,4,1,2376,2,,2,2,2
53,0,2,970,1,7,3,4,4,5,3,1,14814,32,,1,1,3
31,0,2,746,1,8,3,3,2,4,4,2,4424,11,,7,1,8
42,0,2,265,2,5,4,3,5,3,3,1,18303,21,,0,0,0
46,0,2,1009,1,2,1,3,4,5,3,1,17861,26,,2,0,1
32,0,2,1373,1,5,4,2,2,4,4,2,9679,8,,0,0,0
51,0,2,684,1,6,1,3,5,5,3,2,19537,23,,18,15,15
40,0,2,543,1,1,1,3,1,2,4,1,2406,8,,0,0,0
27,0,0,443,1,3,4,3,1,6,4,1,1706,0,,0,0,0
34,0,1,735,1,22,3,2,2,6,4,1,5747,16,,10,6,11
33,0,1,1146,2,25,2,3,2,7,3,1,4539,10,,7,0,1
38,0,2,201,1,10,2,1,3,5,3,1,13206,20,,16,1,11
24,0,2,823,1,17,4,2,1,2,2,1,2127,1,,0,0,0
32,0,2,859,1,4,3,2,2,4,3,1,6162,14,,13,6,8
42,0,2,1396,1,6,3,3,3,5,1,1,13348,18,,7,5,7
21,1,2,337,2,7,2,3,1,8,2,2,2679,1,,0,1,0
30,0,2,1427,1,2,2,2,1,2,4,2,2720,6,5,3,1,2
34,0,2,1351,1,1,2,3,2,6,4,1,5484,9,2,2,2,1
40,0,1,692,1,11,4,3,2,2,3,1,6323,10,10,9,9,4
35,0,2,982,1,1,4,2,1,2,3,1,2258,10,8,0,1,7
26,0,2,390,1,17,4,1,1,2,3,1,2305,3,3,2,0,2
45,0,0,1052,2,6,4,2,3,7,4,2,8865,23,19,7,12,8
24,1,2,1448,2,1,1,3,1,8,2,2,3202,6,5,3,1,4
23,0,2,885,1,4,1,4,1,6,1,1,2819,5,3,2,0,2
51,0,2,632,2,21,3,3,2,7,4,2,5441,11,10,7,1,0
27,0,1,1242,2,20,4,3,2,7,3,2,9981,7,7,7,0,7
40,0,2,300,2,26,3,3,2,7,1,1,8396,8,7,7,7,5
50,0,2,328,1,1,3,2,1,2,3,1,3690,5,3,2,0,2
26,0,2,572,2,10,3,3,2,7,4,2,4684,5,5,3,1,2
37,0,2,1115,1,1,1,2,2,4,3,0,5993,7,7,5,0,7
38,0,2,322,2,7,1,4,2,7,1,0,5605,8,8,0,7,7
38,0,2,770,2,10,3,2,3,7,3,0,8740,9,8,7,2,7
52,0,1,322,1,28,4,4,4,4,3,1,13247,24,5,3,0,2
29,1,2,350,0,13,1,2,1,1,1,0,2335,4,2,2,2,0
42,0,2,603,1,7,2,4,2,6,2,1,2372,18,1,0,0,0
42,0,2,462,2,14,3,2,2,7,3,2,6244,10,5,4,0,3
38,0,2,1333,1,1,4,3,3,5,1,1,13582,15,15,12,5,11
26,0,2,474,1,3,1,3,1,6,4,1,2061,1,1,0,0,0
33,0,2,536,2,10,4,4,3,7,3,0,8380,10,9,8,0,8
38,0,2,827,1,1,2,4,2,0,4,2,7625,10,9,7,1,8
38,0,2,345,2,10,1,3,2,7,4,1,5343,10,10,7,1,9
44,0,2,170,1,1,2,4,2,0,1,1,5033,10,2,0,2,2
53,1,2,607,1,2,3,2,3,4,4,1,10169,34,33,7,1,9
19,1,0,504,1,10,1,2,1,6,2,2,1859,1,1,1,0,0
25,0,2,1382,2,8,1,3,2,7,3,0,,6,5,3,0,4
39,0,1,443,1,8,3,3,1,2,3,1,,8,8,3,0,7
34,0,2,258,2,21,4,4,2,7,4,2,,10,10,7,5,7
37,0,0,142,2,9,1,3,3,7,2,0,,9,9,5,7,7
30,0,0,1400,1,3,3,3,1,2,4,1,,9,5,3,1,4
30,1,1,334,2,26,3,2,2,7,1,2,,9,6,3,0,1
27,0,1,793,2,2,4,1,2,7,4,2,,8,6,2,0,0
40,0,2,884,1,15,1,2,3,4,3,1,,18,18,15,14,12
44,0,2,1313,1,7,2,3,5,5,4,0,,23,22,7,1,10
20,0,2,959,1,1,4,2,1,6,2,2,,1,1,0,0,0
36,0,2,1425,1,14,3,3,2,0,4,1,,17,16,8,4,11
29,0,2,1283,1,23,4,3,1,6,4,2,,6,3,2,1,2
30,0,2,979,2,15,3,2,3,7,1,0,,12,7,7,1,7
18,1,0,247,1,8,3,3,1,2,3,2,,0,0,0,0,0
41,0,0,267,2,10,4,3,2,7,4,2,,16,14,3,1,10
32,0,0,1109,1,29,4,3,1,2,3,2,,10,8,7,7,7
34,0,2,479,1,7,1,3,1,6,4,2,,1,1,0,0,0
45,0,0,1050,2,9,2,2,2,7,3,1,,15,15,10,4,12
41,0,2,642,1,1,4,3,1,6,4,1,,12,5,3,1,0
31,1,1,874,1,15,3,3,1,2,3,1,,2,2,2,2,2
50,0,2,264,2,9,3,3,5,3,3,1,,27,1,0,0,0
29,0,2,1247,2,20,4,3,2,7,4,0,,10,3,2,0,2
31,0,2,408,1,9,3,2,1,6,2,2,,3,2,2,2,2
26,0,2,1349,1,23,1,3,1,6,4,0,,3,3,2,0,2
44,0,2,136,1,28,4,3,4,5,1,1,,24,20,6,14,17
35,0,2,1258,1,1,4,4,1,6,3,2,,7,2,2,2,2
56,0,2,718,1,4,4,3,5,3,1,0,,28,5,2,4,2
35,0,2,1029,1,16,4,2,3,0,2,2,,11,11,8,3,3
32,0,0,300,1,1,4,3,1,2,4,0,,4,3,0,0,2
30,0,1,721,1,1,3,3,2,2,4,2,,12,12,8,3,7
34,0,2,546,1,10,2,3,1,2,2,0,,1,1,0,1,0
40,0,2,630,2,4,3,2,3,7,4,1,,15,12,11,2,11
43,0,2,,1,8,3,3,2,0,3,0,,8,5,2,0,2
28,0,2,,1,9,4,3,1,6,4,1,2070,5,5,2,0,4
46,0,2,,2,2,3,3,3,7,4,0,10368,13,10,6,0,3
21,0,2,,1,1,4,2,1,6,2,2,2070,2,2,2,2,2
57,0,2,,2,29,1,2,4,3,4,0,14118,32,1,0,0,0
48,0,2,,1,6,1,2,2,0,3,2,4240,19,2,2,2,2
33,0,2,,2,8,3,3,2,7,3,0,7104,6,5,0,1,2
29,0,2,,1,7,1,,1,2,4,0,2532,8,4,3,0,3
41,0,2,,1,28,1,,4,4,2,1,13570,21,20,7,0,10
18,0,0,,1,1,4,,1,2,4,2,1611,0,0,0,0,0
25,0,2,,2,4,2,,2,7,4,2,4487,5,5,4,1,3
37,0,2,,1,7,4,,2,6,1,1,4284,16,5,3,0,4
31,0,2,,1,1,4,,1,2,1,1,2218,4,4,2,3,2
34,1,0,,1,16,4,,1,6,1,1,2307,5,5,2,3,0
34,0,2,,2,8,2,,2,7,3,1,6799,10,10,8,4,8
35,0,2,,2,1,1,,2,7,3,2,4859,5,5,4,0,3
55,0,0,,1,8,4,,4,0,2,0,13577,34,33,9,15,0
54,0,2,,1,5,1,,5,5,1,1,19406,24,4,2,1,2
41,0,2,,1,12,2,,1,2,4,1,4766,6,1,0,0,0
33,1,2,,1,1,4,,1,6,4,2,2686,10,10,9,7,8
33,0,2,,2,1,1,,2,7,1,0,4037,9,9,8,0,8
46,0,2,,1,2,4,,2,4,4,0,7379,12,6,3,1,4
28,1,2,,1,2,1,,1,6,4,1,3464,5,3,2,2,2
31,0,2,,1,2,3,,1,6,4,0,2695,3,2,2,2,2
26,0,2,,2,5,4,2,,8,3,2,2966,5,4,2,0,0
40,0,0,,1,9,4,2,,0,4,1,4876,5,3,2,0,2
22,0,2,,1,19,3,3,,6,4,1,2323,2,2,2,2,2
25,0,2,,1,7,4,2,,6,4,1,2889,2,2,2,2,1
36,0,2,,2,1,2,3,,7,3,2,6815,15,1,0,0,0
26,0,2,,1,2,4,4,,4,4,1,5472,8,8,7,1,3
32,0,2,,2,2,3,3,,7,2,1,4078,4,3,2,1,2
44,0,0,,1,5,3,2,,2,3,2,3162,7,5,2,0,3
37,0,2,397,1,7,1,3,,5,3,2,13664,16,5,2,0,2
58,0,0,390,1,1,4,1,,0,3,0,5660,12,5,3,1,2
40,0,2,1171,1,10,4,4,,2,3,1,2213,10,7,7,1,7
28,1,1,1496,2,1,1,3,,8,3,1,2909,5,3,2,1,2
36,0,2,325,1,10,4,3,,0,3,1,7094,10,7,7,1,7
33,0,2,924,1,2,3,3,,2,4,2,2496,7,1,1,0,0
25,1,1,599,2,24,3,1,,8,4,2,1118,1,1,0,1,0
32,0,2,601,2,7,4,3,,7,4,1,9204,7,4,3,0,3
38,0,1,216,1,23,4,2,,4,3,2,9526,10,9,7,1,8
41,0,1,1200,1,22,4,3,,6,4,0,5467,12,6,2,3,3
30,0,2,153,1,8,2,4,3,5,1,1,11416,9,8,7,1,7
47,0,2,465,1,1,1,3,1,6,4,1,3420,17,6,5,1,2
33,0,1,1303,1,7,4,3,2,0,3,0,5968,9,9,7,2,8
39,1,2,1122,1,6,4,3,1,2,1,1,2404,8,2,2,2,2
53,0,2,102,1,23,4,3,4,5,4,2,14275,33,12,9,3,8
29,1,2,408,1,25,3,2,1,6,2,1,2546,6,2,2,1,1
42,1,1,933,1,19,3,4,1,6,3,0,2759,7,2,2,2,2
0,0,2,629,1,27,4,3,1,6,2,2,2311,9,3,2,1,2
0,1,1,561,1,3,4,3,1,6,3,2,4084,7,7,2,7,7
0,0,0,1434,2,8,1,2,3,7,1,2,7587,10,10,7,0,9
0,0,2,942,1,15,2,1,1,6,4,1,2168,6,5,4,1,3
0,0,2,1303,1,2,4,2,1,6,3,0,2768,14,7,3,5,7
0,0,2,1154,2,2,1,3,1,8,3,1,3067,3,2,2,1,2
0,0,1,1131,1,15,4,2,1,6,1,1,4774,8,7,6,7,3
0,0,1,878,1,10,4,3,1,6,3,0,3815,5,5,3,2,0
0,1,2,1456,2,13,2,2,2,7,1,0,6134,16,2,2,2,2
0,0,2,986,1,3,2,2,3,5,3,1,11935,10,10,2,0,7
0,0,2,330,0,1,3,3,1,1,3,0,2064,6,5,3,1,3
0,0,1,857,1,10,4,2,4,3,1,0,17181,21,7,6,7,7
0,0,1,1064,1,2,2,3,5,5,4,1,19161,28,5,4,4,3
0,0,2,448,1,16,3,3,3,4,4,2,7945,18,4,2,3,3
0,0,2,1210,2,2,1,2,2,7,2,1,6644,10,0,0,0,0
0,0,2,391,1,15,3,3,1,6,4,2,1232,0,0,0,0,0
0,0,1,458,1,26,1,3,3,5,1,1,13191,20,1,0,0,0
0,0,2,329,2,16,3,2,2,7,1,1,5647,11,3,2,0,2
0,0,2,1084,1,13,4,4,2,4,1,0,4450,5,4,2,1,3
0,0,2,1490,1,7,3,3,3,0,2,0,10466,29,8,7,0,7
0,1,2,391,1,7,4,3,1,6,2,2,2472,1,1,0,0,0
0,0,2,1349,1,7,3,2,1,2,4,1,2690,1,1,0,0,1
0,0,2,1181,1,1,3,3,1,6,4,1,2044,5,5,3,0,3
0,0,2,738,1,9,2,2,1,2,4,2,3983,4,3,2,2,2
33,0,1,430,2,7,4,3,2,7,1,1,4373,5,4,3,0,3
40,0,1,530,1,1,3,2,4,0,2,1,13503,22,22,3,11,11
31,1,2,1079,2,16,1,3,3,7,3,1,8161,10,1,0,0,0
38,0,2,343,1,15,3,2,3,5,4,0,11510,12,11,10,2,9
31,0,2,1232,1,7,3,3,3,4,4,2,7143,11,11,9,4,10
35,0,0,1225,1,2,4,3,2,0,1,0,5093,16,1,0,0,0
35,0,2,287,1,1,3,1,1,6,4,1,2977,4,4,3,1,1
27,0,2,1054,1,8,3,3,1,6,4,2,3445,6,6,2,1,4
44,0,2,625,1,4,4,3,2,0,2,2,5933,10,5,2,2,3
40,0,2,1398,2,2,3,3,5,3,3,1,18041,21,20,15,1,12
52,0,0,715,1,19,4,3,1,6,4,1,4258,5,4,3,1,2
35,0,2,672,1,25,4,2,3,4,2,1,10903,16,13,10,4,8
56,1,2,441,1,14,2,3,1,6,2,1,4963,7,5,4,4,3
60,0,2,696,2,7,2,4,2,7,4,0,5220,12,11,7,1,9
24,0,0,1269,1,4,1,2,1,2,4,1,3162,6,5,2,3,4
45,0,2,1457,1,7,1,3,1,6,3,1,4477,7,3,2,0,2
49,1,1,1475,1,28,1,2,2,2,1,0,4284,20,4,3,1,3
26,0,2,1355,0,25,3,3,1,1,3,0,2942,8,8,7,5,7
37,0,2,674,1,13,1,3,2,6,4,0,4285,10,10,8,3,7
29,1,2,805,1,1,2,2,1,2,1,0,2319,1,1,0,0,0
35,0,2,619,2,1,2,3,2,7,3,0,4717,15,11,9,6,9
32,0,2,427,1,1,1,3,2,4,4,0,6162,9,9,8,7,8
26,0,2,192,1,1,1,2,1,2,1,0,3955,6,5,3,1,3
31,0,1,793,2,20,3,4,1,8,4,0,2791,3,2,2,2,2
34,0,2,970,1,8,2,3,2,0,3,0,6142,10,5,1,4,3
28,0,2,640,1,1,4,3,1,6,1,0,2080,5,3,2,1,2
33,0,2,1242,2,8,1,3,2,7,1,0,6392,8,2,2,2,2
27,0,2,975,1,7,4,2,2,0,1,0,6811,9,7,6,0,7
53,0,2,238,2,1,4,3,2,7,1,0,8381,18,14,7,8,10
36,0,2,676,1,1,3,3,2,4,2,0,5228,10,9,7,0,5
29,0,2,468,1,28,4,2,1,6,1,2,3785,5,5,4,0,4
24,1,2,693,2,3,1,3,2,7,3,2,4577,4,2,2,2,0
44,0,2,986,1,8,1,4,1,2,4,1,2818,10,3,2,0,2
43,0,2,990,1,27,4,4,1,2,2,0,4876,8,6,4,0,2
55,0,2,1136,1,1,2,4,4,5,4,0,0,31,7,7,0,0
30,0,2,305,1,16,3,4,2,0,3,1,0,10,7,0,1,7
28,0,2,1083,1,29,3,1,2,4,2,1,0,8,8,6,1,7
34,0,1,669,1,1,4,2,2,0,1,2,0,14,13,9,4,9
50,0,0,881,1,2,1,3,4,3,1,0,0,31,31,6,14,7
48,0,2,715,1,1,4,2,5,5,4,2,0,25,1,0,0,0
36,0,1,607,2,7,1,4,2,7,1,1,0,17,15,7,6,13
31,0,1,1327,1,3,2,3,3,5,3,0,0,9,2,2,2,2
29,0,2,144,2,10,4,2,2,7,2,0,0,7,7,7,1,7
34,0,2,1480,2,4,3,3,3,7,4,1,0,9,5,3,1,0
50,0,2,1322,1,28,4,3,4,5,1,1,0,25,3,2,1,2
30,0,0,1116,1,2,3,3,1,2,4,2,0,12,11,7,6,7
28,1,2,529,1,2,1,3,1,2,3,2,0,5,0,0,0,0
36,0,2,216,1,6,2,3,2,4,2,0,0,7,3,2,0,1
28,0,0,120,2,4,2,3,2,7,3,1,0,5,5,4,0,4
35,0,2,1137,1,21,4,3,2,0,4,1,0,10,10,6,0,7
42,0,2,1147,0,10,3,3,4,3,1,1,0,21,20,7,0,9
48,0,1,365,1,4,3,2,4,3,4,1,0,23,2,2,2,2
46,0,1,1211,2,5,1,3,2,7,4,2,0,14,9,6,0,8
33,0,0,1038,2,8,2,2,1,8,4,2,0,3,2,2,2,2
33,1,2,211,2,16,1,3,3,7,1,2,0,11,0,0,0,0
55,0,2,836,1,8,4,3,4,3,3,0,0,21,5,0,0,2
33,0,0,775,1,4,4,3,2,6,2,0,0,11,9,8,1,7
23,0,2,507,1,20,1,3,2,2,3,2,0,5,4,3,1,2
31,0,2,471,1,4,1,4,1,2,3,0,3978,4,2,2,2,2
34,0,2,1442,1,9,4,0,3,0,2,2,8621,9,8,7,7,7
38,0,1,1186,1,3,3,0,1,6,3,1,2821,8,2,2,2,2
37,0,1,889,1,9,2,0,1,6,4,1,2326,4,4,2,1,2
32,1,2,1045,2,4,4,0,3,7,4,1,10400,14,14,8,9,8
20,1,2,500,2,2,3,0,1,8,3,2,2044,2,2,2,0,2
47,0,2,202,1,2,3,0,4,3,4,1,16752,26,0,14,3,0
27,0,2,1115,1,3,1,0,1,6,4,2,2045,5,0,2,1,1
30,0,2,570,2,5,4,0,2,7,3,0,6118,10,0,9,1,2
27,0,0,210,2,1,3,0,2,7,2,1,6349,6,0,4,1,4
58,1,1,781,1,2,4,0,1,2,4,0,2380,3,0,0,0,0
36,0,2,1383,1,10,4,0,3,0,1,1,8321,15,0,8,5,7
45,0,2,974,1,1,4,0,1,2,4,0,2270,8,0,3,0,2
42,0,2,1142,1,8,4,0,1,2,3,2,3968,8,0,0,0,0
23,1,2,1243,1,6,3,0,1,2,1,1,1601,1,0,0,0,0
37,0,0,728,1,1,1,0,3,5,4,0,13603,15,0,2,0,2
49,0,1,1023,2,2,4,0,2,7,2,1,5390,17,0,6,0,8
34,0,2,131,2,2,3,0,2,7,1,2,4538,4,0,2,0,2
40,0,2,1322,1,2,3,0,1,6,3,2,2809,8,0,2,2,2
30,0,2,201,1,5,4,0,1,6,1,0,3204,8,0,2,2,2
31,0,2,688,2,7,3,0,3,3,4,0,11557,10,0,4,0,1
132,1,2,1089,1,7,4,0,2,2,3,1,4883,10,0,4,1,1
128,0,2,1144,2,10,4,0,1,8,2,1,1052,1,0,0,0,0
140,0,1,1395,1,26,2,0,2,6,2,0,5605,20,0,7,2,13
129,0,2,1401,1,6,2,0,1,2,4,1,3131,10,0,8,0,8
135,0,2,670,1,10,1,0,2,0,3,2,6142,10,0,2,0,4
151,0,2,1178,2,14,3,0,2,7,4,1,4936,18,0,7,0,7
135,0,2,1017,1,6,2,0,2,6,4,2,6646,17,0,11,11,8
134,0,2,181,1,2,4,0,1,6,4,1,2932,6,0,0,1,2
123,0,2,160,1,4,3,0,1,2,2,2,3295,3,0,2,1,2
147,0,2,1225,2,2,2,0,4,3,2,0,15972,29,0,2,1,2
130,0,2,1176,1,20,3,0,2,4,1,1,9957,7,0,2,0,2
136,0,2,852,1,5,2,0,1,6,1,1,3419,6,0,1,0,0
140,0,2,750,1,12,2,0,2,0,1,0,4448,15,0,4,7,7
153,0,2,1223,1,7,4,0,5,3,3,0,18606,26,0,7,4,7
140,1,2,575,2,22,3,0,2,7,3,1,6380,8,0,4,1,0
150,0,2,1046,1,10,4,0,3,0,4,2,10496,20,0,3,1,3
134,0,2,678,1,19,2,0,1,6,4,1,2929,10,0,9,8,7
126,1,2,1330,1,21,1,0,1,2,3,0,2377,1,0,1,0,0
135,0,2,802,1,10,2,0,1,2,4,0,3917,3,0,2,1,2
155,0,2,147,1,20,2,0,2,2,4,1,5415,12,0,7,0,8
132,0,2,638,1,8,3,0,2,6,3,1,5175,9,0,3,1,3
158,0,2,848,1,23,1,0,1,6,3,0,2372,2,0,2,2,2
134,0,2,829,0,3,3,0,1,1,4,1,3737,4,0,2,0,2
134,0,2,1333,2,10,3,0,1,8,3,1,2220,1,0,1,0,0
134,0,2,182,1,1,2,0,1,6,4,2,3280,10,0,2,1,3
149,0,0,1002,1,18,4,0,2,4,4,0,6804,7,0,7,1,7
143,0,2,782,1,6,2,0,4,5,4,0,16627,21,0,0,0,0
152,0,1,890,1,25,3,0,4,4,4,1,13826,31,0,8,0,0
136,0,2,429,1,2,3,0,2,4,2,2,5410,18,16,14,5,12
142,0,1,555,2,26,3,0,4,7,2,1,13525,23,20,4,4,8
158,1,2,147,1,23,4,0,3,0,4,1,10312,40,40,10,15,6
138,0,2,1261,1,2,4,0,2,4,3,1,6553,14,1,0,0,0
155,0,2,836,1,2,2,0,1,6,4,1,2662,19,5,2,0,4
120,1,2,1097,1,11,4,0,1,6,1,2,2600,1,1,0,0,0
136,0,2,928,2,1,2,0,2,7,4,1,6201,18,18,14,4,11
146,1,2,377,2,9,1,0,3,7,4,0,10096,28,7,7,4,3
135,0,2,1402,2,28,2,0,1,8,3,1,2430,6,5,3,4,2
135,0,2,144,1,22,4,0,1,2,3,2,4230,6,5,4,4,3
124,0,2,1371,2,10,4,0,2,7,3,0,4260,5,5,2,0,3
55,0,2,189,0,26,3,0,5,3,2,1,19636,35,10,9,1,4
45,0,2,1038,1,20,2,0,3,0,1,0,10851,24,7,7,0,7
30,0,0,990,1,7,3,0,1,6,3,0,1274,1,1,0,0,0
37,0,2,1439,1,4,3,0,1,6,3,1,2996,8,6,4,1,3
31,1,2,542,2,20,2,0,2,7,3,1,4559,4,2,2,2,2
32,0,2,498,1,3,3,0,2,4,1,1,6725,8,8,7,6,3
45,0,2,950,1,28,4,0,1,6,4,1,2132,8,5,4,0,3
27,0,2,0,1,11,2,0,1,2,1,1,2099,6,5,0,1,4
39,0,2,0,1,12,4,0,2,4,2,1,5295,7,5,4,1,0
35,1,1,0,2,12,4,3,2,7,4,2,4581,13,11,9,6,7
48,0,2,0,2,29,1,3,3,3,3,1,12504,15,0,0,0,0
28,0,2,0,1,16,2,4,2,0,1,2,5661,9,8,3,0,7
29,0,2,0,1,7,4,3,1,2,1,2,2062,11,3,2,1,2
45,0,2,0,2,20,4,3,2,7,3,2,4850,8,5,3,0,1
48,0,2,0,1,4,4,3,3,4,4,2,7898,11,10,9,0,8
30,0,2,0,1,6,1,2,2,2,4,1,4627,10,9,2,6,7
0,0,1,0,1,8,3,2,2,6,2,1,5130,10,10,7,1,7
0,0,2,0,1,12,4,3,1,2,4,2,2647,5,5,2,1,4
0,0,2,0,1,19,2,3,1,2,4,0,2661,3,2,2,1,2
0,0,1,0,1,1,3,3,2,4,2,0,6397,6,6,5,1,4
0,0,2,0,1,19,4,3,2,6,4,0,3902,7,2,2,2,2
0,0,2,0,2,3,1,3,3,7,3,0,10609,17,16,10,5,0
0,0,0,0,1,26,2,2,1,6,3,1,2814,4,4,2,1,0
0,0,2,0,1,11,3,3,5,3,2,2,19926,21,5,4,4,0
0,0,0,0,1,16,3,3,1,6,3,2,2144,5,5,3,1,0
0,0,2,0,1,7,3,3,2,0,4,0,6623,6,6,0,1,0
0,0,2,0,1,4,2,3,1,6,3,2,2318,1,1,1,0,0
0,1,2,0,1,4,4,3,1,2,4,1,3691,7,7,7,5,0
0,0,2,0,1,5,3,3,1,6,2,2,2478,4,4,3,1,0
0,1,2,0,2,7,3,3,1,8,4,0,2275,3,3,2,0,0
0,0,0,0,2,2,2,3,4,3,2,0,16291,37,16,9,14,0
0,0,1,0,1,5,2,3,1,2,3,1,2093,8,2,2,2,0
0,0,2,0,1,1,2,3,2,4,2,1,6447,8,6,5,4,0
0,0,0,0,0,26,4,4,4,3,4,2,17328,23,5,3,4,0
0,0,2,0,1,3,1,3,1,2,4,0,2835,7,1,0,0,0
0,0,1,0,1,10,3,3,1,2,4,2,2455,9,8,7,1,0
0,1,2,0,2,10,3,3,3,7,2,1,7314,14,8,7,0,0
0,0,2,0,2,26,1,3,4,3,3,1,16307,29,20,6,4,0
0,0,2,0,2,14,4,3,2,7,1,1,4639,5,5,4,1,0
57,0,2,0,1,1,4,3,2,0,3,1,6755,15,3,2,1,0
59,0,1,0,2,1,1,2,2,7,3,2,5473,20,4,3,1,0
28,0,1,0,1,6,3,2,1,6,3,0,2703,3,3,1,0,0
35,0,2,0,1,25,1,2,2,2,4,2,3681,9,3,2,0,0
26,1,1,0,0,17,2,3,1,1,3,0,2741,8,7,7,1,0
34,0,2,0,1,29,2,3,2,2,3,1,5429,10,8,7,7,0
29,1,2,0,2,27,2,3,3,7,4,1,7639,10,10,4,1,0
54,0,1,0,1,20,4,3,2,6,3,2,4869,20,4,3,0,0
44,0,2,0,1,29,4,3,2,6,4,2,4541,20,20,11,13,0
45,0,2,0,2,11,4,3,4,3,4,1,17650,26,9,3,1,0
32,1,2,0,2,1,1,1,2,7,2,2,6735,10,0,0,0,0
60,0,1,0,2,28,3,2,3,7,1,1,10266,22,18,13,13,0
31,0,2,1398,0,8,4,4,1,1,2,2,2109,8,3,2,0,0
46,0,2,734,1,2,3,3,5,5,4,0,19328,24,2,1,2,0
33,0,0,1283,2,2,4,3,2,7,2,2,5147,13,11,7,1,0
30,1,1,109,1,5,2,3,1,2,2,2,2422,4,3,2,1,0
36,0,2,164,2,2,2,2,3,7,3,1,7596,10,10,9,9,0
34,0,1,426,1,10,3,4,2,4,4,0,4724,9,9,7,7,0
31,0,2,616,1,12,4,3,2,0,4,1,5855,10,9,7,8,0
22,0,2,253,1,11,1,3,1,6,2,1,2244,2,2,1,1,0
29,0,1,490,1,10,4,3,1,6,2,0,3291,8,7,5,1,0
33,0,2,392,2,2,4,3,2,7,4,0,5505,6,6,2,0,0
58,0,2,1055,1,1,4,0,5,5,1,1,19701,32,9,8,1,0
32,0,2,120,1,6,3,0,1,6,3,2,3038,8,5,4,1,0
32,1,0,1474,2,11,4,0,2,7,3,1,4707,6,4,2,1,0
38,1,2,1180,1,29,2,0,2,0,1,1,6673,17,1,0,0,0
57,0,2,405,1,1,2,0,2,6,3,1,4900,13,12,9,2,0
30,0,2,288,1,2,3,0,2,0,4,1,4152,11,11,10,10,8
27,0,2,155,1,4,2,0,2,4,2,1,6142,6,6,2,0,3
45,0,2,1385,1,20,3,0,4,0,4,1,13496,21,20,7,4,10
54,0,2,1441,1,17,3,0,3,4,3,1,10739,22,10,7,0,8
38,0,1,653,1,29,4,0,2,2,4,2,2406,10,10,3,9,9
44,0,1,602,0,1,1,0,2,1,4,1,5743,14,10,7,0,2
27,0,2,591,1,2,1,0,1,2,2,1,3468,6,2,2,2,2
33,0,2,134,1,2,3,0,1,6,4,2,2500,4,3,1,0,2
51,0,2,942,1,3,1,0,3,3,3,1,13116,15,2,2,2,2
38,1,2,903,1,2,3,0,2,4,2,1,4855,7,5,2,1,4
45,0,2,549,1,8,4,0,2,6,4,1,3697,12,10,9,9,8
55,1,2,267,2,13,1,0,4,7,3,2,13695,24,19,7,3,8
29,0,2,1010,1,1,1,0,1,6,4,0,3760,3,3,2,1,2
48,0,2,1355,1,4,3,0,3,0,3,2,10999,27,15,11,4,8
0,0,2,304,2,9,2,0,2,7,4,2,5253,7,7,5,0,7
0,0,1,163,1,24,4,0,2,4,4,2,5238,9,5,4,1,4
0,1,2,341,2,1,2,0,1,8,3,0,2800,5,3,2,0,2
0,0,0,1252,2,19,1,0,3,7,2,2,7642,10,10,0,0,9
0,0,2,413,2,7,4,0,1,8,2,2,2983,4,3,2,1,2
0,0,2,432,1,9,4,0,1,2,4,1,2075,10,4,2,0,3
0,1,0,335,1,9,3,0,1,6,1,2,2321,4,3,2,1,2
0,0,2,1332,1,11,3,0,2,0,1,1,6833,6,6,5,0,1
0,0,0,1351,1,9,1,0,1,2,2,1,2810,5,5,4,0,2
0,0,0,1200,1,1,4,0,2,6,1,1,4087,9,6,5,1,2
0,0,2,168,1,1,3,3,3,4,3,2,7861,10,1,0,0,0
0,0,1,1391,1,10,3,3,1,6,3,1,2684,3,2,1,0,2
0,0,1,117,1,22,4,3,4,3,4,0,17174,24,22,17,4,7
0,1,2,740,2,1,2,2,2,7,1,1,9714,10,10,8,6,7
0,0,2,903,2,2,1,4,3,7,3,2,7880,9,8,7,0,7
0,0,2,117,1,10,3,3,4,3,1,1,17068,21,21,9,11,10
30,1,1,600,0,8,3,2,1,1,4,0,2180,6,4,2,1,2
52,1,2,266,2,2,1,1,5,3,4,1,19845,33,32,14,6,9
50,0,1,1246,0,3,1,3,5,3,2,1,18200,32,32,5,10,7
41,0,2,796,2,4,3,3,3,7,3,0,10447,23,22,14,13,5
34,0,2,1400,2,9,2,3,2,7,3,1,5714,6,6,5,1,3
27,0,2,1167,1,4,1,3,1,6,3,0,2517,5,5,3,0,3
36,0,2,1278,0,8,1,2,1,1,1,1,2342,6,5,4,0,3
29,0,2,153,1,15,4,2,2,2,3,2,4193,10,9,5,0,8
32,0,2,1018,1,3,3,3,3,5,4,2,11159,10,7,7,7,7
44,1,2,1376,0,1,2,2,3,1,1,1,10482,24,20,6,3,6
42,0,2,810,1,23,1,3,4,5,4,2,15992,16,1,0,0,0
40,0,1,902,1,26,3,2,2,6,4,1,4422,16,1,1,0,0
33,0,2,867,1,8,4,4,1,6,1,1,3143,14,10,8,7,6
29,0,1,1413,2,1,2,3,3,7,4,1,7918,11,11,10,4,1
38,0,2,1404,2,1,1,2,1,8,1,2,2858,20,1,0,0,0
43,0,1,313,1,21,4,3,1,2,4,1,2258,8,3,2,1,2
36,0,0,427,1,8,1,4,3,5,1,1,11713,10,8,7,0,5
31,1,1,703,2,2,3,2,1,8,4,2,2785,3,1,0,0,0
45,0,2,1005,1,28,4,2,4,5,2,2,16704,21,21,6,8,6
34,0,2,665,1,6,1,3,2,6,3,2,4809,16,16,13,2,10
41,1,2,1102,2,1,2,3,2,7,4,2,5993,8,6,4,0,5
34,0,1,829,1,15,2,3,4,5,1,0,17007,16,14,8,6,9
56,0,1,1240,1,9,1,3,1,6,3,1,2942,18,5,4,0,3
43,0,0,343,1,9,1,3,1,6,3,2,2438,7,3,2,1,2
33,0,2,267,1,21,2,4,1,2,2,1,2028,14,14,11,2,13
43,0,1,775,2,15,4,2,2,7,4,1,6804,7,2,2,2,2
52,0,2,956,1,6,4,3,2,6,1,0,5577,18,10,9,6,9
38,0,1,1444,0,1,4,3,1,1,2,1,2991,7,6,2,1,2
29,0,2,332,0,17,2,2,3,1,1,2,7988,10,10,9,0,9
32,0,1,1318,2,10,4,3,2,7,4,2,4648,4,0,0,0,0
31,0,2,691,1,5,3,3,1,6,4,1,4821,6,5,2,0,3
30,1,1,464,1,4,3,3,1,6,4,2,2285,3,1,0,0,0
42,0,2,201,1,1,2,3,1,2,1,0,2576,8,5,2,1,2
29,1,1,337,1,14,3,3,3,0,4,2,7553,9,8,7,7,7
43,0,1,957,1,28,2,4,1,6,3,2,4739,18,3,2,1,2
37,0,2,1239,0,8,3,3,2,1,2,0,4071,19,10,0,4,7
51,0,1,1456,1,1,1,2,3,0,1,2,7484,23,13,12,12,8
38,0,1,594,1,2,3,2,1,2,2,1,2468,9,6,1,0,5
36,0,0,894,1,1,4,2,2,4,3,1,4374,4,3,2,1,2
38,0,2,1084,1,29,4,3,2,4,4,1,6261,9,7,7,1,7
47,1,0,666,1,29,1,3,3,3,2,1,11849,10,10,7,9,9
43,0,2,1273,1,2,4,4,1,6,3,0,2645,6,5,3,1,4
50,0,2,316,2,8,4,3,1,8,2,1,3875,4,2,2,2,2
42,0,1,748,1,9,1,3,1,2,4,2,3673,12,12,9,5,8
23,0,2,977,1,10,4,4,1,6,3,1,2073,4,2,2,2,2
31,1,1,754,2,26,1,3,2,7,4,1,5617,10,10,7,0,8
46,0,2,526,2,1,2,3,3,7,1,0,10453,24,24,13,15,7
46,0,2,566,1,7,4,3,3,4,3,0,10845,13,8,7,0,7
33,0,1,553,1,5,4,3,3,3,2,1,11878,12,10,6,8,8
52,0,2,994,1,7,2,3,3,0,2,2,10445,18,8,6,4,0
42,0,2,419,2,12,2,3,2,7,4,0,5087,14,0,0,0,0
36,0,1,1213,0,2,2,2,2,1,4,2,3886,10,10,1,0,8
50,0,1,1421,1,2,4,3,4,3,1,1,17856,32,2,2,2,2
38,0,2,437,2,16,2,3,2,7,2,2,4198,8,3,2,1,2
40,0,2,1194,1,1,3,3,2,0,4,0,6513,12,5,3,0,3
29,0,1,806,1,1,2,1,1,6,4,0,2720,10,10,7,2,8
18,0,2,812,2,10,4,2,1,8,3,2,1200,0,0,0,0,0
39,0,2,1462,2,6,4,4,3,7,3,1,8237,11,7,6,7,6
37,0,2,408,1,19,2,3,1,6,2,1,3022,8,1,0,0,0
45,0,2,1316,1,29,3,3,1,6,4,2,3452,9,6,5,0,3
49,0,1,636,1,10,3,3,5,5,1,2,18665,22,3,2,1,2
25,0,2,685,1,1,1,3,2,4,3,1,4898,5,4,2,1,2
24,0,2,691,1,23,2,4,1,6,4,1,2725,6,6,5,1,4
36,0,1,688,1,4,4,3,2,4,2,0,5131,18,4,2,0,2
38,0,2,268,1,2,4,3,1,6,3,1,3057,6,1,0,0,1
37,1,2,807,0,6,3,3,1,1,1,0,2073,7,3,2,0,2
26,0,2,841,1,6,3,2,1,6,2,1,2368,5,5,4,4,3
30,0,2,231,2,8,3,3,3,7,3,0,7264,10,8,4,7,7
58,0,1,1216,1,15,1,3,4,5,3,1,15787,23,2,2,2,2
52,1,2,1030,2,5,2,3,3,7,2,2,8446,10,8,7,7,7
33,0,2,147,0,2,2,3,1,1,3,1,3600,5,5,4,1,4
45,0,2,252,1,1,3,4,5,3,4,1,19202,25,24,0,1,7
37,0,2,1017,1,1,3,2,1,6,1,1,3920,17,3,1,0,2
33,0,2,922,1,1,1,4,4,5,3,0,16184,10,6,1,0,5
32,0,1,1311,1,7,2,4,1,2,2,1,2794,5,5,1,0,3
51,0,2,833,1,1,3,3,1,6,4,1,2723,1,1,0,0,0
29,0,2,1396,2,10,3,3,1,8,3,2,2642,1,1,0,0,0
41,1,1,143,2,4,1,3,2,7,2,2,9355,8,8,7,7,7
31,1,2,202,1,8,1,2,1,6,2,2,1261,1,1,0,0,0
40,0,2,804,1,2,4,2,1,6,4,2,2342,5,4,2,2,3
37,0,0,1040,1,2,3,2,2,0,4,0,5163,17,1,0,0,0
32,0,2,548,1,1,2,3,2,6,2,1,6220,10,10,4,0,9
28,0,1,467,2,7,3,3,2,7,1,2,4898,5,4,2,1,3
49,0,2,1418,1,1,3,3,1,6,1,1,3580,7,4,2,0,2
47,0,2,1180,1,25,1,3,3,0,3,2,8633,25,17,14,12,11
26,0,1,1096,1,6,3,4,1,2,4,1,2544,8,7,7,7,7
52,0,2,699,1,1,3,2,5,3,3,1,19999,34,33,18,11,9
42,0,2,622,1,2,3,3,2,0,4,1,4089,10,10,2,2,2
46,0,1,638,1,1,3,2,3,0,1,1,10673,21,10,9,9,5
40,1,0,1479,2,24,2,4,4,7,2,2,13194,22,1,0,0,0
36,0,1,1195,1,11,2,2,2,4,2,2,6499,6,6,5,0,3
47,0,1,1309,2,4,2,3,2,8,3,2,2976,5,0,0,0,0
24,0,2,477,1,24,4,3,1,2,2,2,3597,6,4,3,1,2
32,1,2,414,2,2,3,2,2,7,2,2,9907,7,2,2,2,2
60,0,2,370,1,1,3,1,3,0,4,0,10883,19,1,0,0,0
44,0,0,489,1,23,2,3,2,2,2,1,2042,17,3,2,1,2
39,0,2,1253,1,10,3,3,3,5,3,2,13464,9,4,3,2,2
126,1,1,342,1,2,1,3,1,6,1,1,2042,6,3,2,1,2
126,0,1,575,1,1,1,1,1,2,4,0,4364,5,2,2,2,0
145,0,0,1195,1,2,1,2,4,3,4,1,16792,22,20,8,11,8
131,0,2,1112,2,5,1,3,2,7,4,1,5476,10,10,0,0,2
137,0,2,228,2,6,3,3,2,7,4,1,6502,7,5,4,0,1
119,0,2,645,1,9,3,3,1,6,1,2,2552,1,1,1,0,0
142,1,1,481,2,12,3,3,4,7,1,2,13758,22,21,9,13,14
140,0,2,1308,1,14,3,2,5,5,3,2,19626,21,20,7,4,9
122,1,1,1256,1,3,3,2,1,6,4,1,2853,1,0,0,0,0
133,0,2,1198,1,1,3,2,1,6,1,2,2799,6,3,2,0,2
131,0,2,1062,1,24,3,2,2,0,1,2,6812,10,10,9,1,8
128,1,2,1475,2,13,4,3,2,7,3,2,9854,6,2,0,2,2
134,0,2,204,2,14,3,3,1,8,3,0,2579,8,8,2,0,6
126,0,1,1283,2,1,3,2,2,7,1,2,4294,7,7,7,0,7
129,0,2,1389,1,21,2,4,3,4,1,0,9980,10,10,9,8,8
150,0,2,813,1,17,4,2,3,5,1,0,13269,19,14,11,1,11
121,1,1,251,1,10,1,2,1,2,3,2,2625,2,2,2,2,2
135,1,2,303,2,27,3,3,2,7,4,2,5813,10,10,7,7,7
120,0,2,1141,2,2,3,3,1,8,3,2,2783,2,2,2,2,2
133,0,2,461,1,13,2,3,1,6,4,2,3452,5,3,2,0,2
126,1,1,575,1,3,3,3,1,6,1,2,3102,7,6,4,0,4
147,0,2,1454,2,2,4,2,1,8,4,2,3294,3,3,2,1,2
139,0,0,1251,2,21,1,1,2,7,3,1,5736,10,3,2,1,2
133,0,2,516,1,8,4,3,2,0,3,2,6388,14,0,0,0,0
130,0,2,1288,2,29,3,3,3,7,2,1,9250,9,4,2,1,3
139,0,2,1498,2,21,1,2,2,7,4,1,6120,8,5,4,1,4
127,0,1,829,2,8,3,3,2,7,4,1,4342,5,4,2,1,1
136,0,2,172,1,4,1,2,2,2,4,2,5810,10,10,4,1,8
30,0,2,241,1,7,2,2,1,6,2,1,2141,6,6,4,1,1
59,0,2,142,1,3,3,2,1,6,4,1,2177,7,1,0,0,0
41,0,2,483,1,6,4,2,2,4,2,2,6032,8,5,4,1,2
49,0,2,301,1,22,1,3,4,5,2,1,16413,27,4,2,1,2
34,0,2,507,2,15,3,3,2,7,1,2,6125,10,10,8,9,6
59,0,2,715,1,2,3,2,4,4,4,2,13726,30,5,3,4,3
42,0,2,647,2,4,2,3,2,7,1,2,5155,9,6,4,1,5
29,1,2,1092,1,1,1,3,1,6,4,1,4787,4,2,2,2,2
33,1,2,118,2,16,1,3,2,7,1,2,5324,6,3,2,0,2
32,0,2,117,2,13,2,3,2,7,4,0,4403,8,5,2,0,3
43,0,2,1179,2,2,4,3,2,7,4,1,7847,10,10,9,8,8
46,0,2,1319,2,3,1,4,4,7,1,0,13225,25,19,17,2,8
46,0,2,1402,2,2,3,3,4,3,1,1,17048,28,26,15,15,9
25,0,2,959,2,28,1,2,2,7,3,1,8639,6,2,2,2,2
28,0,2,1172,2,3,2,3,1,8,2,1,2856,1,1,0,0,0
39,0,2,408,1,2,4,2,2,0,3,2,4553,20,20,7,11,10
35,0,2,1276,1,16,4,3,3,0,3,1,7632,10,8,7,0,0
42,0,2,269,1,2,4,2,1,2,1,0,2593,10,9,6,7,8
53,0,2,1395,1,24,2,4,3,0,4,1,7005,11,4,3,1,2
28,0,2,1169,0,8,2,2,1,1,4,0,4936,6,5,1,0,4
43,0,2,177,1,8,1,3,2,4,2,0,4765,4,1,0,0,0
24,0,1,897,0,10,1,3,1,1,4,1,2145,3,2,2,2,1
34,0,2,971,2,1,4,2,3,7,3,1,7083,10,10,9,8,6
43,0,2,574,1,11,1,3,3,0,3,1,7510,10,10,9,0,9
30,0,2,793,1,16,2,3,1,6,4,1,2862,10,10,0,0,8
50,0,2,804,1,9,1,3,1,2,4,1,2380,8,1,0,0,0
37,0,2,977,1,1,4,2,2,4,4,1,6474,14,14,8,3,11
40,0,1,720,1,16,1,2,2,2,3,2,5094,10,1,0,0,0
27,1,2,135,1,17,4,3,1,6,3,2,2394,8,8,2,7,7
27,0,2,486,1,8,2,4,1,6,3,1,3517,5,3,2,0,2
36,0,2,796,1,12,4,2,3,4,4,2,8858,15,14,8,7,8
48,0,2,1108,1,15,3,3,1,6,1,1,2367,10,8,2,7,6
48,0,0,1262,1,1,1,4,4,3,4,2,16885,27,5,4,2,1
41,0,0,552,0,4,3,1,2,1,2,1,6430,10,3,2,1,2
30,0,0,879,1,9,3,3,2,4,3,2,4695,10,8,4,1,7
25,1,2,383,2,9,1,2,1,8,1,1,4400,6,3,2,2,2
38,0,2,1380,1,9,3,3,1,2,4,2,2288,2,2,2,2,1
38,0,2,1035,2,3,2,3,2,7,4,2,6861,19,1,0,0,0
28,1,2,1434,1,5,3,3,1,2,3,2,3441,2,2,2,2,2
28,0,0,1476,1,1,3,1,2,2,4,1,6674,10,9,8,7,5
32,0,2,801,2,1,3,3,3,7,4,1,10422,14,14,10,5,7
34,0,2,943,1,9,4,3,3,0,4,0,8500,10,9,7,1,6
24,0,2,506,1,29,2,3,1,2,1,0,3907,6,6,2,1,2
39,0,0,1485,1,25,3,3,3,0,3,1,10920,13,6,4,0,5
54,0,2,431,1,7,4,3,2,6,4,1,6854,14,7,1,1,7
51,1,2,1323,1,4,1,3,1,6,3,1,2461,18,10,0,2,7
31,0,1,1125,2,7,1,3,3,7,1,1,9637,9,3,2,2,2
30,0,2,911,1,1,4,3,1,2,2,1,3748,12,12,8,1,7
28,0,2,995,1,9,3,3,1,6,3,0,2377,6,2,2,2,2
51,1,1,1150,1,8,1,1,3,4,4,2,10650,18,4,2,0,3
34,0,2,628,1,8,2,4,2,2,3,1,4404,6,4,3,1,2
58,1,2,286,1,2,4,3,5,5,2,2,19246,40,31,15,13,8
50,0,2,989,1,7,2,2,5,5,3,0,18740,29,27,3,13,8
28,0,2,440,1,21,3,3,1,6,4,1,2713,5,5,2,0,2
49,0,2,1495,1,5,1,3,2,0,3,1,6651,20,3,2,1,2
39,1,0,592,1,2,1,2,1,2,1,2,3646,11,1,0,0,0
32,0,2,529,1,2,4,3,1,6,1,2,2439,4,4,2,1,2
29,0,2,1378,1,13,4,2,2,2,2,1,4025,10,4,3,0,3
24,0,2,771,1,1,2,2,2,0,3,2,4617,4,4,3,1,2
38,0,2,1321,2,1,4,3,2,7,2,1,4440,16,15,13,5,8
25,0,2,266,1,1,4,3,1,6,2,2,2096,2,2,2,2,1
47,0,2,1001,1,4,3,2,3,4,2,0,10333,28,22,11,14,10
39,0,2,1383,0,2,4,2,2,1,4,1,5204,13,5,4,0,4
45,0,2,556,1,25,2,2,2,4,4,1,5906,10,9,8,3,8
27,0,0,1450,1,3,3,2,1,6,3,0,2566,1,1,1,0,1
32,0,2,1401,2,4,3,3,1,8,2,1,3931,6,4,3,1,2
29,0,2,1082,1,9,4,3,1,2,3,1,2974,9,5,3,1,2
32,0,1,430,1,24,1,3,2,2,4,1,5309,10,10,8,4,7
37,0,2,1470,1,10,2,3,1,6,2,1,3936,8,8,4,7,7
52,0,2,1323,1,2,3,2,1,2,4,2,3212,6,2,2,2,2
37,0,2,1225,1,10,4,4,1,6,4,2,4680,4,1,0,0,0
40,1,2,299,2,25,4,2,3,7,2,2,9094,9,5,4,1,0
27,0,2,269,1,5,3,2,3,5,4,0,12808,9,9,8,0,8
29,0,0,746,2,2,4,3,2,7,3,1,4649,4,4,3,0,2
42,0,2,1265,1,3,3,4,2,2,4,1,5231,17,5,3,1,3
34,0,1,1069,1,2,4,2,2,4,3,1,9547,10,10,9,1,9
31,1,1,667,2,1,2,1,1,8,3,2,1359,1,1,0,0,0
41,0,0,256,2,10,3,1,2,7,2,2,6151,19,19,2,11,9
35,0,2,464,1,4,3,3,1,2,4,0,1951,1,1,0,0,0
22,0,2,1230,1,1,4,2,2,4,4,1,4775,4,2,2,2,2
31,0,2,1079,2,10,3,3,2,7,4,0,6583,8,5,2,1,4
55,0,1,1091,1,2,4,3,3,4,2,1,10976,23,3,2,1,2
36,0,1,635,1,18,2,3,1,2,4,2,2153,8,8,1,1,7
42,0,1,570,1,8,2,3,5,3,4,0,18430,24,24,7,14,9
36,0,2,1120,2,11,2,2,2,7,4,1,6652,8,6,3,0,0
26,0,2,157,1,1,3,3,1,2,1,2,2867,8,7,7,7,6
46,0,2,1125,2,10,3,2,3,7,4,1,9071,15,3,2,1,2
47,0,1,217,2,3,4,3,4,7,3,0,13770,28,22,2,11,13
45,0,2,561,2,2,4,3,2,7,2,1,4805,9,8,7,3,7
25,0,2,1356,2,10,3,3,2,7,4,2,4950,5,4,3,1,1
34,0,2,304,2,2,4,3,2,7,4,2,6274,6,6,5,1,4
41,1,2,1356,2,20,2,3,1,8,2,2,3140,4,4,3,0,2
56,0,2,1369,1,23,4,3,4,4,2,1,13402,33,19,16,15,9
36,0,2,329,1,2,4,3,1,6,3,1,2543,6,2,2,2,2
49,0,2,809,1,1,3,3,4,3,3,2,15379,23,8,7,0,0
52,0,2,319,1,3,4,2,3,4,3,1,7969,28,5,4,0,4
34,0,1,303,2,2,3,3,1,8,3,1,2231,6,4,3,1,2
33,0,2,1099,1,4,1,2,1,2,2,1,3838,8,5,4,0,2
47,0,2,359,1,2,1,3,4,5,3,1,17169,26,20,17,5,6
43,0,2,531,2,4,4,2,3,7,4,2,10231,23,21,7,15,17
31,1,1,523,1,2,2,3,1,2,4,1,3722,7,2,2,2,2
39,0,2,524,1,18,1,3,2,4,3,2,4534,9,8,7,1,7
34,0,2,121,1,2,3,2,1,6,1,2,4381,6,6,5,1,3
45,0,2,788,0,24,2,3,1,1,2,2,2177,6,6,3,0,4
52,0,2,1325,1,11,4,3,2,2,3,1,3149,9,5,2,1,4
43,0,1,559,1,10,3,2,2,2,3,0,5257,9,9,7,0,0
36,0,2,1403,1,6,4,3,1,2,4,1,3210,16,15,13,10,11
32,0,2,977,1,2,4,3,2,6,2,0,5470,10,9,5,1,6
35,0,2,219,1,16,4,2,2,4,2,1,4788,4,3,2,0,2
26,0,2,933,2,1,3,3,2,7,3,1,5296,8,8,7,7,7
29,0,2,590,1,4,4,2,1,6,1,0,2109,1,1,0,0,0
34,0,1,1003,1,2,4,3,2,4,3,2,4033,5,3,2,0,2
27,0,2,1103,1,14,1,3,1,6,1,1,2235,9,9,7,6,8
42,0,1,288,1,2,4,3,3,0,4,1,10124,24,20,8,13,9
34,0,2,1320,1,20,3,4,1,6,3,1,2585,2,1,0,0,0
31,0,2,182,1,8,1,3,4,5,2,2,16422,9,3,2,1,0
41,0,2,263,1,6,4,3,1,2,1,2,4721,20,18,13,2,17
30,0,2,946,1,2,3,2,2,4,4,2,6877,12,0,0,0,0
33,0,1,1141,2,1,3,4,2,7,1,1,5376,10,5,3,1,3
46,0,2,488,2,2,3,1,4,3,2,1,16872,28,7,7,7,7
35,0,0,1097,1,11,3,2,3,0,1,1,9884,10,4,0,2,3
32,0,2,234,2,1,2,2,1,8,2,1,2269,3,2,2,2,2
39,0,1,1218,1,1,2,3,5,3,3,0,19197,21,21,8,1,6
54,0,2,1147,2,3,4,3,2,7,1,1,5940,16,6,2,0,5
44,0,2,661,1,9,2,3,1,6,1,1,2559,8,8,7,7,1
38,0,2,1495,1,10,3,3,2,0,3,1,9824,18,1,0,0,0
32,1,2,374,1,25,1,3,1,2,4,2,2795,1,1,0,0,1
49,0,2,1313,2,11,4,3,2,7,4,2,4507,8,5,1,0,4
45,0,2,538,1,1,1,3,3,0,2,0,7441,10,10,8,7,7
44,0,2,1459,1,10,4,3,2,0,4,1,6465,9,4,2,1,3
48,0,2,969,1,2,4,4,1,2,2,2,2559,7,1,0,0,0
41,0,2,549,1,7,4,3,2,4,3,2,5003,8,2,2,2,1
26,1,2,950,2,4,4,2,2,7,4,2,5828,8,8,7,7,4
31,0,2,1276,1,2,4,1,1,2,4,0,1129,1,1,0,0,0
20,1,1,871,1,6,4,2,1,2,4,2,2926,1,1,0,1,0
41,1,2,1085,1,2,2,1,1,2,4,0,2778,10,7,7,1,0
27,0,1,1410,2,3,4,4,2,7,4,0,4647,6,6,5,0,4
40,0,2,302,1,6,2,3,4,4,3,2,13237,22,20,6,5,13
28,0,2,580,1,27,2,1,2,4,1,0,4877,6,5,3,0,0
45,0,2,954,2,2,2,1,2,8,3,2,6632,9,8,7,3,1
40,0,2,989,1,4,4,3,5,3,3,1,19033,21,20,8,9,9
26,0,2,583,1,4,3,3,1,6,4,2,2875,8,8,5,2,2
59,0,0,1420,0,2,3,2,5,3,4,1,18844,30,3,2,2,2
29,0,2,1246,2,19,3,2,2,7,3,0,8620,10,10,7,0,4
36,0,2,132,1,6,2,4,1,2,4,1,3038,5,1,0,0,0
37,1,1,504,1,10,1,3,3,4,3,0,10048,17,1,0,0,0
38,0,1,888,0,10,3,3,2,1,3,1,6077,10,6,3,1,2
41,0,2,1206,2,23,4,3,3,7,3,2,7082,21,2,0,0,2
40,0,2,896,1,2,3,3,1,6,3,0,2345,8,3,1,1,2
47,0,2,1176,0,26,4,3,5,3,3,1,19658,27,5,2,1,0
38,0,1,471,1,12,1,2,2,0,1,0,6288,13,4,3,1,2
45,0,2,1268,2,4,3,3,2,7,1,0,5006,9,5,4,0,3
28,1,2,329,1,24,3,3,1,2,2,1,2408,1,1,1,0,0
38,0,2,1495,1,4,4,3,1,2,3,1,3306,7,0,0,0,0
32,0,1,379,2,5,2,3,2,7,2,1,6524,10,10,8,5,3
26,1,2,1357,1,25,1,1,1,2,3,2,2293,1,1,0,0,1
45,0,2,194,1,9,2,3,2,2,2,0,2348,20,17,9,0,15
47,1,1,719,2,27,2,4,2,7,3,2,6397,8,5,4,1,3
29,0,2,352,0,6,4,2,1,1,2,1,2804,1,1,0,0,0
31,0,2,741,1,2,2,3,1,2,3,1,3477,6,5,2,0,3
24,0,1,567,1,2,1,3,1,6,4,2,3760,6,6,3,1,3
18,1,2,230,1,3,3,3,1,2,3,2,1420,0,0,0,0,0
45,0,0,248,1,23,4,3,2,2,1,1,3633,9,9,8,0,8
29,0,1,442,2,2,2,3,2,7,4,2,4554,10,10,7,0,9
58,0,2,1272,1,5,3,2,3,0,2,0,10552,24,6,0,0,4
41,0,1,1018,2,1,3,3,2,7,1,0,4103,10,9,3,1,7
45,0,2,930,2,9,4,3,3,7,1,0,10761,18,5,4,0,2
48,0,2,1224,1,10,4,2,5,5,2,1,19665,29,22,10,12,9
42,0,2,1210,1,2,3,2,1,2,2,1,4841,4,1,0,0,0
32,0,2,371,2,19,4,1,3,7,3,1,9610,10,4,3,0,2
36,0,2,913,1,9,2,2,2,4,2,0,8847,13,3,2,0,2
31,0,1,853,1,1,3,3,2,4,1,1,4148,4,4,3,0,3
54,0,2,584,1,22,2,3,4,3,3,1,17426,36,10,8,4,7
41,1,2,1360,1,12,2,3,5,5,3,1,19545,23,22,15,15,8
31,1,1,1445,1,1,3,4,3,4,2,2,7446,10,10,8,4,7
38,0,1,240,1,2,1,4,2,4,1,2,5980,17,15,7,4,12
37,0,2,124,1,3,4,3,2,0,2,2,4107,8,4,3,0,1
35,0,2,1219,2,18,3,3,2,7,3,1,4601,5,5,2,1,0
34,0,2,1111,2,8,3,3,2,7,1,1,6500,6,3,2,1,2
44,1,2,1097,1,10,3,3,1,6,3,2,2936,6,6,4,0,2
33,0,1,508,2,10,2,2,2,7,4,2,4682,9,7,7,0,1
31,0,2,106,0,2,1,2,2,1,1,1,6410,9,2,2,1,0
26,0,2,1384,1,3,1,4,1,2,4,1,4420,8,8,7,0,7
37,1,2,1373,1,2,4,2,1,2,3,2,2090,7,0,0,0,0
33,0,1,1111,2,5,2,3,2,7,4,1,9998,8,5,4,1,2
48,0,2,1236,1,1,4,2,4,3,1,1,15402,21,3,2,0,2
31,0,2,670,1,26,1,3,1,6,3,0,2911,5,5,2,4,3
47,0,2,1482,1,5,4,3,5,5,3,1,18300,21,3,2,1,1
35,0,0,1212,2,8,3,2,3,7,4,1,10377,16,13,2,4,12
51,0,2,1169,1,7,2,2,2,4,3,1,6132,10,1,0,0,0
35,0,2,1315,1,22,2,4,3,3,2,0,11996,10,7,7,6,2
43,1,2,1372,2,9,1,1,2,7,3,2,5346,7,4,3,1,3
33,1,2,587,1,10,1,1,1,2,4,0,3408,8,4,3,1,3
46,0,2,168,2,4,4,2,5,3,2,1,18789,26,11,4,0,8
40,0,2,1137,1,1,1,3,4,3,1,0,16823,22,19,7,11,16
46,0,2,1003,1,8,4,2,2,6,1,0,4615,19,16,13,1,7
39,0,2,412,1,13,3,2,4,3,2,0,17123,21,19,9,15,2
41,0,2,1276,2,2,2,3,4,3,1,1,16595,22,18,16,11,8
45,0,2,1339,1,7,2,3,3,6,1,0,9724,25,1,0,0,0
39,0,2,722,2,24,2,2,4,7,4,1,12031,21,20,9,9,6
24,1,1,381,1,9,2,3,1,2,1,2,3172,4,0,0,0,0
42,0,2,557,1,18,4,3,2,6,1,0,5410,9,4,3,1,2
28,0,1,193,1,2,4,2,1,2,4,1,3867,2,2,2,2,2
35,0,2,755,1,9,3,2,2,0,2,2,6540,10,1,1,0,0
54,0,2,376,1,19,4,3,2,4,1,0,5485,9,5,3,1,4
42,0,2,916,1,17,4,4,2,6,1,2,6545,10,3,2,0,2
40,0,2,905,1,19,3,3,2,2,4,1,2741,15,7,2,3,7
42,0,0,355,1,10,3,3,1,6,3,1,2936,10,6,3,3,3
40,0,2,369,1,8,2,3,2,4,1,1,6516,18,1,0,0,0
30,0,2,1339,2,5,2,3,3,7,4,1,9419,12,10,9,7,4
28,0,2,1300,1,17,3,3,2,2,1,0,4558,10,10,0,1,8
25,0,2,977,1,2,4,3,1,2,3,0,3977,7,2,2,0,2
40,0,2,107,2,10,2,2,2,7,2,0,6852,7,5,1,1,3
48,1,2,626,1,1,1,2,3,2,3,2,5381,23,1,0,0,0
32,0,0,1184,1,1,3,2,1,2,2,1,2332,5,3,0,0,2
36,0,2,557,2,3,1,2,3,7,4,1,7644,10,9,7,3,4
31,0,0,979,1,1,3,1,2,4,3,1,4345,6,5,4,1,4
30,0,2,501,2,27,3,3,2,7,4,0,5304,10,8,7,7,7
42,0,2,544,0,2,3,3,1,1,3,0,2696,4,3,2,1,0
36,0,2,363,1,1,3,1,3,4,1,0,10252,17,7,7,7,7
34,1,2,699,1,6,2,3,1,6,1,2,2960,8,4,2,1,3
35,0,2,607,1,9,4,2,3,4,3,1,10685,17,17,14,5,15
41,0,2,933,1,9,3,3,1,2,1,1,2238,7,5,0,1,4
43,0,1,1422,2,2,1,3,2,7,4,1,5675,7,7,7,7,7
55,0,2,1441,1,22,1,2,1,6,2,0,3537,8,4,2,1,2
21,1,1,756,2,1,1,2,1,8,2,2,2174,3,3,2,1,2
50,0,1,809,2,12,3,3,3,7,4,2,9208,16,2,2,2,1
45,0,2,1448,1,29,2,3,3,4,4,1,9380,10,3,1,1,2
31,0,2,140,1,12,3,3,1,6,4,1,3929,7,4,2,0,2
35,1,1,130,1,25,4,3,1,6,2,0,2022,10,10,2,7,8
39,0,2,613,1,6,4,2,3,0,1,1,9991,9,7,7,1,7
27,0,2,1469,1,1,4,3,1,2,2,0,3816,5,5,2,0,4
45,0,2,1015,1,5,3,1,2,2,1,2,5769,10,10,7,1,4
40,0,2,1342,2,9,1,3,2,7,1,1,5473,9,8,4,7,1
31,0,2,1463,1,23,2,2,2,0,4,1,5582,10,9,0,7,8
24,0,2,581,1,9,3,4,1,6,3,1,4401,5,5,3,0,4
38,0,2,1153,1,6,4,2,1,2,3,1,3702,5,5,4,0,4
53,0,2,346,1,6,4,3,2,2,4,2,2450,19,2,2,2,2
56,0,2,206,0,8,4,3,5,3,2,2,19717,36,7,3,7,7
46,0,2,945,0,5,2,3,2,1,2,0,5021,16,4,2,0,2
43,0,2,1034,2,16,4,3,4,3,4,1,16064,22,17,13,1,9
44,0,2,1199,1,4,3,4,5,3,1,0,19190,26,25,9,14,13
28,1,1,1009,1,1,1,2,1,2,2,0,2596,1,1,0,0,0
43,0,1,394,2,26,3,3,4,3,4,1,16959,25,25,12,4,12
19,1,2,419,2,21,4,2,1,8,2,2,2121,1,1,0,0,0
43,0,1,1001,1,9,4,3,2,2,3,0,5679,10,8,7,4,7
33,0,1,827,1,1,3,4,2,0,2,1,5488,6,6,5,1,2
45,0,1,1297,1,1,2,3,2,0,3,2,5399,12,4,2,0,3
27,0,2,1157,1,17,3,3,1,6,2,1,3058,6,5,2,1,1
40,0,2,1492,1,20,1,3,3,0,4,1,10322,14,11,10,11,1
50,1,2,410,2,28,4,2,3,7,1,0,10854,20,3,2,2,0
35,0,2,682,2,18,2,3,2,7,1,1,5561,6,5,3,0,4
30,0,0,1398,2,22,3,3,3,7,1,1,8412,10,9,8,7,8
27,0,2,954,2,9,4,3,2,7,4,2,4105,7,7,7,0,7
36,0,2,1223,1,8,3,3,3,0,3,0,10096,17,17,14,12,8
33,0,2,117,1,9,1,3,1,6,4,1,2781,15,14,10,4,10
25,1,2,867,2,19,3,2,1,8,2,1,2413,1,1,0,0,0
53,0,2,1376,2,2,3,3,4,3,3,0,14852,22,17,13,15,2
37,1,2,625,2,1,1,2,3,7,3,1,10609,17,14,1,11,7
23,0,2,1309,1,26,3,3,1,6,4,0,2904,4,4,2,0,2
28,1,2,103,1,24,3,2,1,2,3,2,2028,6,4,2,0,3
30,0,2,317,1,2,3,1,2,4,4,2,6091,11,5,4,0,2
21,0,2,501,2,5,3,3,1,8,1,2,2380,2,2,2,1,2
36,0,0,1229,2,8,1,3,2,7,4,0,5079,12,7,7,0,7
24,0,2,1476,2,4,4,3,2,7,3,1,4162,5,5,4,0,3
24,0,2,350,1,21,3,2,1,2,1,0,2296,2,1,1,0,0
35,0,1,944,2,1,3,3,3,7,3,2,8789,10,10,7,0,8
41,0,0,247,1,7,2,1,5,5,3,0,19973,21,21,16,5,10
28,0,2,866,2,5,4,3,2,7,1,2,8463,6,5,4,1,3
40,0,0,218,1,8,4,2,3,5,2,0,13757,16,9,8,4,8
31,0,2,1082,1,1,3,3,1,6,2,2,2501,1,1,1,1,0
31,0,1,798,1,7,3,2,3,4,3,1,8943,10,10,9,8,9
22,0,2,581,1,1,4,3,1,6,3,2,3375,4,3,2,1,2
26,0,1,496,1,11,1,3,2,0,1,1,4741,5,5,3,3,3
35,0,2,1224,2,7,3,3,2,7,4,1,5204,10,10,8,0,9
40,0,2,616,1,2,3,3,1,2,1,1,3377,7,4,3,0,2
28,1,2,890,1,2,3,3,1,6,3,2,4382,5,2,2,2,1
32,0,2,1062,1,2,3,3,1,2,2,1,2370,8,8,0,0,7
43,0,2,1291,1,15,3,2,4,5,3,1,17603,14,14,10,6,11
34,0,2,1130,1,3,4,3,2,6,2,0,5433,11,11,8,7,9
24,0,1,535,2,24,4,3,1,8,4,1,2400,3,2,2,2,1
35,0,1,482,1,4,3,3,2,6,3,2,4249,9,9,6,1,1
32,0,2,929,2,10,4,3,2,7,4,2,5396,10,10,7,0,8
26,0,2,775,2,29,1,3,2,7,3,0,4306,8,0,0,0,0
24,0,0,830,2,13,4,3,1,8,2,1,2033,1,1,0,0,0
33,0,2,147,1,4,3,2,1,6,2,1,2622,7,3,2,1,1
28,1,0,1366,1,24,2,2,3,0,1,2,8722,10,10,7,1,9
39,0,0,105,1,9,4,3,5,3,4,2,19431,21,6,0,1,3
20,0,2,727,2,9,4,3,1,8,1,2,2728,2,2,2,0,2
25,0,2,583,2,4,3,2,2,7,1,1,4256,5,5,2,0,3
39,0,2,1132,1,1,3,4,3,0,4,0,9613,19,18,10,3,7
46,0,2,991,0,1,4,3,1,1,1,2,3423,10,7,6,5,7
54,0,2,1082,2,2,3,2,3,7,3,1,10686,13,9,4,7,0
27,0,1,591,1,2,4,3,1,6,4,2,2580,6,4,2,1,2
19,0,2,265,1,25,2,4,1,6,4,2,2994,1,1,0,0,1
29,0,2,657,1,27,2,3,2,0,3,1,4335,11,8,7,1,1
39,0,2,119,2,15,2,3,4,7,1,2,13341,21,20,8,11,10
37,0,2,671,1,19,3,3,2,4,3,1,5768,9,4,3,0,2
32,0,0,953,1,5,2,3,1,6,2,2,2718,12,7,7,0,7
36,0,1,566,1,18,3,4,1,2,4,1,3688,4,1,0,0,0
36,0,2,559,1,12,3,3,2,4,3,1,4663,7,3,2,1,1
36,0,2,506,1,3,3,3,2,6,2,2,4485,10,8,0,7,7
