Income,Kidhome,Teenhome,Recency,MntWines,MntFruits,MntMeatProducts,MntFishProducts,MntSweetProducts,MntGoldProds,NumDealsPurchases,NumWebPurchases,NumCatalogPurchases,NumStorePurchases,NumWebVisitsMonth,AcceptedCmp3,AcceptedCmp4,AcceptedCmp5,AcceptedCmp1,AcceptedCmp2,Complain,Age,Customer_Days,MntTotal,MntRegularProds,AcceptedCmpOverall,Response
57537,1,,83,,56,139,51,8,100,4,4,3,8,4,0,0,,0,0,0,141,2543,445,345,0,0
75072,0,,83,,34,309,0,22,125,2,5,4,8,3,0,0,,0,0,0,158,2681,948,823,0,0
73454,0,,,,73,351,56,14,175,1,2,4,6,5,1,0,,0,0,0,133,2279,1476,1301,1,0
57867,1,,,,35,,15,23,17,7,7,2,9,6,0,0,,0,0,0,142,2430,595,578,0,0
87771,0,,,,38,,50,57,33,1,5,10,4,6,0,1,,1,1,0,161,2562,1924,1891,4,1
65492,0,,,,161,,210,85,47,2,,7,13,2,0,0,,0,0,0,161,2313,998,951,0,0
7500,1,,,7,0,,13,7,,5,,1,2,9,1,0,,0,0,0,144,2856,39,7,1,1
87171,0,,,1001,44,,58,44,,1,,7,11,2,1,0,,0,0,0,139,2583,1254,1210,2,0
44931,0,,,78,0,,0,0,,1,,1,3,5,0,0,,0,0,0,153,2321,89,82,0,0
59666,1,,,623,53,,23,17,,7,,2,8,8,,1,0,0,0,0,148,2623,894,761,1,0
90933,0,,,1020,31,,62,63,,1,,6,4,1,,0,1,0,0,0,166,2249,1606,1527,1,0
15759,0,,,1,2,,6,0,,1,,0,2,7,,0,0,0,0,0,164,2456,14,11,0,0
61787,0,,,621,73,,78,48,,1,,4,6,5,,0,0,0,0,0,133,2517,1234,1149,0,0
82017,0,,,184,23,,30,23,,1,,4,7,2,,1,1,1,0,0,163,2758,706,683,3,1
28764,1,,,8,0,,0,0,1,1,,0,2,8,,0,0,0,0,0,154,2183,11,10,1,0
90638,0,,29,1156,120,,94,144,96,1,,4,10,1,,0,1,0,0,0,129,2295,2429,2333,1,0
62503,0,,40,478,0,193,110,75,117,4,,3,11,5,,0,0,0,0,0,164,2655,856,739,0,0
47743,0,,56,198,2,43,0,12,20,3,,1,,6,,1,0,0,0,0,163,2623,255,235,1,0
80952,0,,20,778,178,689,41,27,44,1,,5,,8,,1,1,1,0,0,151,2645,1713,1669,3,1
79174,0,,2,1074,37,518,193,,129,1,,6,,2,,0,1,1,0,0,45,2693,1914,1785,2,1
24882,1,,52,1,4,10,29,,36,1,1,1,,6,,0,0,,0,0,42,2817,44,8,1,0
34350,1,,81,16,3,15,2,,11,1,1,0,,7,,0,0,,0,0,41,2412,37,26,0,0
36038,1,,82,23,0,15,0,,7,2,3,0,,6,,0,0,,0,0,39,2553,40,33,0,0
74004,0,,5,784,48,560,42,,48,1,4,6,,3,,0,1,,0,0,33,2284,1610,1562,2,1
94642,0,,35,879,143,797,106,,143,0,5,7,,1,,0,1,,0,0,69,2296,2068,1925,2,0
86979,0,,67,584,100,835,65,,35,1,5,5,,2,,0,0,,0,0,49,2393,1667,1632,1,1
56320,0,,11,201,53,172,116,,83,3,5,4,,4,0,0,0,,0,0,53,2606,619,536,0,0
35860,1,,37,15,,8,4,,20,2,1,1,,5,1,0,0,,0,0,47,2200,29,9,1,1
36732,1,,71,21,,3,10,1,7,3,1,1,4,2,0,0,0,,0,0,61,2341,40,33,0,0
11012,1,,82,24,,26,7,1,23,3,3,,2,9,1,0,0,0,0,0,36,2629,61,38,1,0
23626,1,,84,27,,14,0,0,0,3,3,,3,5,0,0,0,,0,0,50,2195,43,43,0,0
75777,0,,12,712,,538,69,13,,1,3,,11,1,0,1,1,,0,0,38,2519,1358,1278,2,1
24594,1,,94,1,,6,10,0,,1,1,,3,5,0,0,0,,0,0,41,2360,20,11,0,0
59292,0,,71,378,,68,19,14,,2,3,,8,3,0,0,0,,0,0,,2540,493,479,0,0
46374,0,,1,408,,21,0,0,,3,7,,7,8,0,1,0,,0,0,,2263,429,412,2,1
34026,1,,11,18,,15,12,8,,3,2,,3,5,0,0,0,,0,0,,2487,59,42,0,0
34935,0,,71,34,,66,3,10,,1,2,,4,7,0,0,0,,0,0,,2532,117,97,0,0
57513,0,,59,735,,183,52,20,,2,9,,13,6,0,0,0,,0,0,,2517,1030,1000,0,0
55956,0,,22,760,38,104,50,9,,2,7,,4,4,,1,0,,0,0,,2242,961,923,1,0
9722,1,,7,6,17,16,6,16,,4,3,,3,8,,0,0,,0,0,,2794,61,19,0,1
58293,1,,94,173,43,118,46,27,15,5,5,,6,5,,0,0,,0,0,,2320,407,392,0,0
14421,0,,81,0,0,2,3,3,8,1,1,,2,5,,0,0,,0,0,,2291,8,0,1,0
19656,1,,94,,4,9,6,8,32,3,2,,3,7,,0,0,,0,0,,2665,52,20,0,0
76842,0,,37,,10,345,84,54,32,1,1,,7,0,,0,0,,0,0,,2216,1098,1066,0,0
67384,0,,32,,40,175,158,53,107,2,7,,5,5,,1,0,,0,0,,2755,1383,1276,1,0
77457,0,,85,,11,400,15,45,11,1,2,,10,1,,0,1,,0,0,,2275,1146,1135,1,0
81657,0,,69,,40,425,158,60,50,1,3,,8,1,,0,0,,0,0,,2317,1047,997,0,0
72025,0,,46,,0,617,0,50,0,1,4,,13,2,,1,1,,0,0,,2220,1677,1677,3,1
83151,0,,80,,147,842,0,42,210,1,5,7,10,2,,0,1,,0,0,48,2663,2136,1926,3,1
67225,0,,4,,35,322,0,7,143,3,7,2,11,5,,0,0,,0,0,65,2374,725,582,0,0
17487,1,,37,,0,1,0,4,6,1,1,0,2,7,0,0,0,,0,0,31,2627,12,6,0,0
57100,0,,19,,21,69,0,3,96,1,3,3,6,3,0,0,0,,0,0,47,2366,313,217,0,0
7500,1,,5,,5,4,0,4,25,4,2,1,3,6,0,0,0,,0,0,42,2708,32,7,0,0
66000,0,,36,,51,270,0,0,45,1,1,3,5,1,0,0,0,,0,0,73,2229,666,621,0,0
33622,1,,22,,,,0,4,12,3,2,0,4,7,0,0,0,,0,0,48,2601,69,57,0,0
76234,0,,21,,,,0,0,41,1,8,3,11,3,0,1,0,,0,0,48,2302,866,825,1,0
70337,0,,75,,,,0,43,91,1,2,2,12,1,0,0,0,0,0,0,41,2337,485,394,0,0
22419,0,,74,,,,0,21,42,1,3,2,2,8,0,0,0,0,0,0,57,2596,120,78,0,0
47175,1,,81,,,,0,2,,7,4,2,4,8,1,0,0,0,0,0,58,2768,221,202,1,1
33039,1,,4,,,,0,8,,1,2,0,4,5,0,0,0,0,0,0,42,2452,66,54,0,0
82657,0,,71,,,,0,105,,1,7,5,10,4,0,1,0,1,0,0,74,2434,2157,2031,2,0
63159,0,,74,,,,0,86,,1,3,5,8,3,1,0,0,0,0,0,46,2760,1760,1723,1,0
80617,0,,42,,,,0,55,,,4,6,8,2,0,0,0,0,0,0,25,2784,1403,1371,0,0
36262,0,0,24,,,,64,28,,,3,5,3,6,1,0,0,0,0,0,37,2441,273,120,1,1
77766,0,1,97,,59,265,115,59,,,11,10,11,6,1,0,0,0,0,0,53,2651,1502,1475,1,1
73356,0,0,56,,14,322,0,14,,,5,11,5,2,1,0,1,1,0,0,36,2302,1400,1288,3,1
65333,0,1,58,,7,92,0,15,,,9,4,8,6,0,1,1,0,0,0,47,2322,768,738,2,0
16860,1,1,19,,4,4,3,3,,,1,1,3,7,0,0,0,0,0,0,59,2814,24,10,0,0
33562,1,2,33,,12,12,0,3,3,,2,0,4,4,0,0,0,0,0,0,57,2163,48,45,0,0
52852,0,1,93,,8,99,11,0,47,,10,7,5,8,1,0,0,0,0,0,63,2734,832,785,1,0
41638,0,1,68,,0,31,4,0,91,,5,5,3,8,1,0,0,0,0,0,56,2660,350,259,1,0
83257,0,0,56,,27,590,38,107,67,,5,10,12,6,1,0,1,0,0,1,25,2808,1298,1231,2,1
57912,0,1,34,,0,80,0,0,35,,8,3,12,5,0,1,0,0,0,0,55,2263,881,846,1,0
81246,0,0,87,,190,537,61,156,37,,4,5,7,1,1,0,0,1,0,0,56,2341,1342,1305,2,0
49118,0,0,90,,54,239,99,98,119,,9,7,10,7,0,1,0,0,,0,49,2839,1110,991,2,1
19514,1,1,47,14,3,21,2,1,28,,3,1,2,8,1,0,0,0,,0,52,2313,41,13,1,0
57420,0,1,22,280,0,18,0,0,24,,5,1,6,7,0,1,0,0,,0,49,2528,298,274,1,0
86836,0,0,7,179,21,273,0,21,63,,6,10,6,5,1,,1,1,,0,45,2814,494,431,3,1
75433,1,0,28,800,0,297,0,34,57,,2,5,10,6,0,,0,1,,0,31,2244,1131,1074,2,0
,1,1,81,62,,16,3,2,6,,2,1,,5,0,,0,0,,0,62,2439,84,78,0,0
,0,1,50,0,,189,0,58,6,,5,4,,4,0,,0,0,,0,60,2308,650,644,0,0
,0,0,75,0,,674,91,28,28,,3,10,,1,0,,0,0,,0,54,2524,1425,1397,0,0
,2,0,4,0,,67,10,8,24,,3,1,,6,0,,0,0,,0,38,2257,123,99,0,1
,1,1,77,0,,17,13,0,21,3,2,2,,7,0,,0,0,0,0,62,2724,91,70,0,0
,0,0,20,0,,482,50,33,172,1,5,6,,2,0,,0,0,0,0,66,2687,1098,926,0,0
,0,0,51,0,,27,12,17,39,1,3,0,,8,0,,0,0,0,0,55,2626,90,51,0,0
,0,,10,0,,459,124,29,95,1,6,6,,4,0,,1,0,0,0,38,2756,1460,1365,1,1
,0,,0,0,5,64,7,0,37,1,7,3,,5,0,,0,0,1,0,59,2173,540,503,1,1
42720,1,,9,0,5,91,28,26,112,8,7,3,,8,0,,0,0,0,0,55,2590,542,430,0,1
21355,1,,5,0,13,14,0,5,31,2,2,1,,6,1,,0,0,0,0,35,2472,37,6,1,1
85844,0,,62,0,19,843,25,,38,1,,,7,2,0,,1,0,0,0,47,2190,1920,1882,1,0
38823,0,,56,70,0,11,2,,23,1,,,3,6,0,,0,0,0,0,71,2827,91,68,0,0
18100,0,,14,3,1,2,4,,1,1,,,3,5,0,,0,0,0,0,74,2486,13,12,0,0
56850,0,,83,34,1,,2,,0,1,,,3,2,0,,0,0,0,0,49,2257,63,63,0,0
83844,0,,57,901,31,,75,,191,1,,,11,1,0,,1,0,0,0,68,2572,1383,1192,1,0
62694,1,,29,379,6,,25,,91,5,,,7,7,0,,0,0,0,0,55,2536,658,567,0,0
42586,1,,7,194,2,,0,,0,5,,,6,8,0,,0,0,0,0,65,2767,252,252,0,1
84906,0,,98,997,15,,99,,76,1,,,12,2,0,,1,0,1,0,48,2427,1555,1479,3,0
52074,0,,77,59,0,,0,,48,1,,,2,4,1,,0,0,0,0,53,2245,71,23,1,0
67716,0,,8,530,142,,62,,56,4,,,13,5,0,,0,0,0,0,60,2694,960,904,1,0
21255,1,0,56,29,0,,2,2,3,4,2,1,4,4,0,,0,0,0,0,46,2318,58,55,0,0
77520,0,1,30,940,44,,0,88,58,1,8,7,7,4,1,,1,1,0,0,61,2464,1468,1410,3,1
79823,0,1,6,835,73,,114,73,43,1,6,9,7,2,0,,0,0,0,0,61,2249,1475,1432,1,0
28973,0,0,59,206,0,,3,2,12,2,5,1,5,8,0,0,0,0,0,0,43,2783,257,245,0,0
45576,0,0,9,,19,,,14,25,1,3,1,3,8,0,0,0,0,0,0,,2191,120,95,0,1
87771,0,1,61,,38,,,57,33,1,5,10,4,6,0,1,1,1,1,0,,2562,1924,1891,4,1
55686,0,1,27,,0,,,47,26,2,6,3,5,4,1,0,0,0,0,0,,2659,956,930,1,0
54450,1,1,0,,0,,,19,32,12,9,2,8,8,0,0,0,0,0,0,,2812,652,620,0,0
64831,1,1,51,,86,,,86,144,8,6,3,5,6,0,0,0,0,0,0,,2543,976,832,0,0
50737,0,1,61,,0,,,0,10,1,2,0,4,6,0,1,0,0,0,0,,2573,89,79,1,0
61286,0,1,34,,0,,,9,117,2,7,1,8,5,0,0,0,0,0,0,,2490,491,374,0,0
58646,0,1,3,,1,,,5,22,1,2,1,4,,0,0,0,0,0,0,,2543,118,96,0,0
78789,0,0,12,,50,,,83,83,1,4,6,5,,0,0,0,0,0,0,,2849,1671,1588,0,1
77297,0,0,84,408,61,,,122,41,1,5,7,9,,0,0,0,1,0,0,,2678,748,707,1,0
15287,1,0,60,1,2,,,3,13,2,1,1,2,,1,0,0,0,0,0,,2786,18,5,1,1
69719,0,0,99,273,86,,,14,43,1,2,3,5,,0,0,0,0,0,0,,2193,758,715,0,0
65352,0,1,43,284,3,,,7,23,2,4,2,8,,0,,0,0,0,0,,2471,382,359,0,0
72298,0,0,52,625,35,,58,17,35,1,4,3,6,,0,,1,0,0,0,,2270,904,869,2,0
55842,0,1,19,451,0,,0,4,24,1,7,1,8,,0,,0,0,0,0,,2196,494,470,0,0
72635,0,0,0,390,22,,104,35,107,1,6,8,6,,0,,0,1,0,0,,2550,874,767,1,0
66334,0,1,0,909,11,,0,0,23,2,9,3,5,,0,,0,0,0,0,,2611,1138,1115,0,1
81300,0,1,0,1004,12,,32,12,36,3,10,3,5,,0,,0,1,0,0,,2766,1205,1169,1,1
84117,0,0,0,611,76,,59,45,26,1,7,,6,,0,,1,0,0,0,,2208,1540,1514,1,0
32892,1,0,0,26,0,,2,1,2,2,3,,3,,0,,0,0,0,0,,2194,44,42,0,0
23148,0,0,0,4,6,,6,3,10,1,2,,3,7,0,,0,0,0,0,,2290,27,17,0,0
101970,0,0,0,722,27,,44,72,168,0,6,,13,2,0,,1,1,0,0,,2633,967,799,3,1
51412,0,1,0,140,3,,4,5,14,2,3,,4,4,0,,0,0,0,0,,2339,181,167,0,0
55212,0,1,0,1103,0,45,0,0,34,3,4,,11,8,0,,0,0,1,0,,2742,1148,1114,2,0
35178,1,0,0,23,1,13,2,2,18,1,1,,2,7,1,,0,0,0,0,49,2694,41,23,1,1
37334,1,1,0,26,1,16,2,2,15,4,3,,4,4,0,0,,0,0,0,62,2282,47,32,0,0
71322,0,1,0,121,24,124,,15,,1,4,1,7,2,0,0,,0,0,0,44,2217,308,266,0,0
69267,0,0,0,,44,499,,73,,2,3,4,5,7,0,0,,0,0,0,67,2804,1489,1343,0,1
24711,0,0,0,,7,25,,3,,1,3,0,3,7,0,0,,0,0,0,38,2231,51,44,0,0
84219,0,0,0,,137,400,,137,,1,3,4,10,1,0,0,,0,0,0,32,2306,1153,1108,0,0
36408,1,1,0,,1,4,,2,,1,1,0,2,6,0,0,,0,0,0,71,2440,19,16,0,0
28769,1,0,0,,5,129,,3,,3,4,1,4,9,0,0,,0,0,0,43,2717,188,185,0,0
,0,1,0,,7,84,,30,,3,10,4,7,6,0,1,,0,0,0,44,2461,762,724,1,0
,0,0,0,,102,838,,102,,1,5,6,10,2,0,0,,0,0,0,48,2814,2074,2034,0,1
,0,1,0,,112,420,,82,,1,9,3,13,4,0,0,,0,0,0,73,2461,1024,953,0,0
,1,0,0,19,0,35,,4,17,2,2,1,2,7,0,0,0,0,0,1,36,2784,64,47,0,1
,0,0,0,897,161,430,,161,27,0,4,7,6,1,1,0,1,1,0,0,45,2423,1835,1808,3,1
,0,1,0,711,36,217,,96,168,3,7,4,7,4,0,1,0,1,0,0,58,2443,1232,1064,2,0
,1,1,0,565,6,65,0,6,19,5,9,2,8,7,0,1,0,0,0,0,45,2609,642,623,1,0
,0,0,0,1276,24,746,94,29,48,0,9,7,11,3,0,0,1,,0,0,73,2414,2169,2121,1,1
,1,0,0,75,12,141,43,39,187,6,6,1,5,8,0,0,0,,,0,36,2752,310,123,0,0
90638,0,0,0,1156,120,915,94,144,96,1,3,4,10,1,0,0,1,,,0,29,2295,2429,2333,1,1
79530,0,0,64,333,0,815,129,42,29,1,4,10,11,2,0,0,0,,,0,60,2567,1319,1290,0,0
38513,1,0,20,172,3,115,16,0,18,5,6,1,5,8,0,0,0,,,0,38,2311,306,288,0,1
46998,0,1,55,172,41,,45,6,27,5,5,3,5,7,1,0,0,,,0,164,2774,350,323,1,0
80011,0,1,3,421,,,82,178,102,2,8,6,5,4,0,0,0,,,0,140,2585,1293,1191,0,0
50200,1,1,70,266,,,,6,64,6,7,1,5,8,0,0,0,,,0,144,2611,337,273,0,0
55761,0,1,97,136,,,,3,32,2,4,1,3,6,0,1,0,,,0,156,2225,152,120,1,0
77298,0,,46,425,,,,35,79,1,6,6,,3,,0,0,,,0,141,2398,890,811,0,0
34916,2,,89,51,,,,0,42,4,5,1,,9,,0,0,,0,0,152,2569,189,147,0,0
96547,0,,4,,,,,101,62,0,7,6,,2,,0,1,1,0,0,140,2196,747,685,3,1
61180,0,,70,,,,,24,218,2,5,5,,3,,0,0,0,0,0,161,2226,486,268,1,0
77766,0,,97,,,,,59,27,2,11,10,,6,,0,0,0,0,0,153,2651,1502,1475,1,1
98777,0,,23,,,,,115,38,0,4,6,,1,,1,0,0,0,0,160,2291,1970,1932,1,0
28587,1,,42,,,,,10,13,3,2,0,,6,,0,0,0,0,0,142,2296,65,52,0,0
80763,0,,17,,,108,,42,231,1,5,11,,3,,0,1,1,0,0,170,2477,1184,953,2,1
42564,0,,28,,,186,39,18,198,6,6,8,,7,,0,0,0,0,0,152,2702,615,417,1,1
42664,0,,44,,0,3,0,0,0,1,1,0,,6,,0,0,0,0,0,153,2262,24,24,0,0
64497,0,,17,,48,320,42,32,192,5,11,4,9,8,1,0,0,0,0,0,166,2816,1612,1420,1,1
73455,0,,98,901,61,757,186,163,20,1,6,5,10,3,0,1,0,0,0,0,152,2403,2068,2048,1,0
65295,0,,19,365,32,117,34,110,6,1,3,3,13,2,0,0,0,0,0,0,140,2347,658,652,0,0
26642,1,,71,13,2,15,2,2,8,2,2,0,3,6,0,0,0,0,0,0,153,2279,34,26,0,0
80184,0,,19,1035,134,670,25,38,0,1,6,3,10,3,0,0,1,1,0,0,176,2279,1902,1902,2,0
70596,0,,68,347,44,534,17,0,26,1,3,5,12,2,0,0,0,0,0,0,35,2791,942,916,0,0
29604,1,,88,7,6,13,7,6,14,1,1,0,3,9,1,0,0,0,0,0,32,2362,39,25,1,0
21645,1,,75,14,0,23,4,5,19,3,3,0,3,9,0,0,0,0,,0,41,2823,46,27,0,1
38578,1,,2,38,4,22,3,3,,3,3,0,3,8,0,0,0,0,,0,48,2531,70,67,0,0
66373,1,,57,328,9,124,12,24,,7,4,2,10,3,0,0,0,0,,0,42,2541,497,388,0,0
83512,0,,31,1060,61,835,80,20,,1,4,7,10,1,1,0,1,1,,0,34,2171,2056,1955,4,1
32644,1,0,38,239,3,141,0,7,,4,7,1,6,8,1,,0,0,,0,47,2688,390,367,1,0
77437,0,0,70,560,21,442,29,44,,1,4,5,13,1,0,,1,0,,0,57,2374,1096,1067,1,0
41014,1,0,65,7,2,6,2,0,,1,1,0,2,7,0,,0,0,,0,42,2592,17,14,0,0
75922,0,0,60,265,138,553,224,23,,1,4,4,9,1,0,,0,0,,0,52,2361,1203,1111,0,0
47916,0,1,72,505,0,26,0,0,,,7,4,6,6,0,,0,0,,0,60,2743,531,456,1,0
63841,0,1,64,635,15,100,20,7,,,9,3,9,6,0,,0,0,,0,52,2593,777,646,0,0
64140,0,2,71,,0,61,0,15,,,2,5,6,5,1,,1,0,1,0,56,2438,1535,1320,3,1
46102,2,1,3,,0,1,0,0,,,1,0,2,7,0,,0,0,0,0,58,2270,15,14,0,0
90247,0,0,27,,32,352,21,16,,,3,4,7,1,0,,1,1,0,0,32,2220,1605,1589,3,1
15287,1,0,60,,2,8,4,3,,,1,1,2,7,1,,0,0,0,0,41,2786,18,5,1,1
82384,0,0,55,,51,432,180,120,190,,3,,13,1,0,,1,0,0,0,65,2746,1767,1577,1,1
26091,1,1,84,,10,19,8,17,20,,2,,3,5,0,,0,0,0,0,63,2283,69,49,0,0
96843,0,0,60,,71,951,,17,17,,6,,10,2,0,0,1,0,0,0,30,2591,1527,1510,1,1
57954,1,1,52,456,4,24,,0,9,,8,,6,7,0,1,0,0,0,0,,2170,484,475,1,0
37760,1,0,54,26,3,13,,10,0,,2,,3,6,0,0,0,0,0,0,,2481,54,54,0,0
74190,0,1,49,151,81,86,,91,64,,4,,11,2,0,0,0,0,0,0,,2207,577,513,0,0
23228,1,0,71,13,2,18,,1,0,,2,,3,8,0,0,0,0,0,0,,2313,40,40,0,0
81975,0,1,2,983,76,184,,138,27,,6,,4,7,0,0,1,0,0,0,,2699,1561,1534,1,0
,0,0,29,2,0,7,,7,10,,1,,3,6,0,0,,0,0,0,,2398,19,9,0,0
,1,0,36,11,7,12,,2,27,,2,,2,5,1,0,,0,0,0,,2774,34,7,1,1
,1,0,90,9,0,3,,0,4,,1,,2,6,1,0,,0,0,0,,2336,12,8,1,0
,0,0,30,557,129,761,,185,111,,5,,7,2,0,0,,0,0,0,,2609,1661,1550,1,0
,0,1,98,192,5,53,0,5,15,,6,1,4,8,0,0,,0,0,0,,2828,255,240,0,0
,2,1,61,53,1,,2,0,16,,2,2,2,8,0,0,,0,0,0,,2516,90,74,0,0
,1,0,16,6,10,,3,15,40,,3,1,2,8,,0,,0,0,0,,2298,46,6,1,1
32474,1,1,0,10,0,,0,0,0,,1,0,2,7,,0,,0,0,0,,2208,11,11,0,0
71427,2,0,26,212,123,,15,64,23,,8,2,8,4,,0,,0,0,0,,2268,591,568,0,0
76998,0,1,85,1449,89,,,35,107,,11,8,8,6,,0,,0,0,0,,2693,1803,1696,1,0
34961,1,0,77,45,2,,,1,1,3,3,1,3,7,,0,,0,0,0,,2169,78,77,0,0
,1,1,18,452,18,,,18,6,4,4,2,12,3,,0,,0,0,0,,2819,606,600,0,0
,1,1,69,135,1,,,1,67,5,3,3,3,6,,0,0,0,0,0,,2510,188,121,1,0
,0,1,65,404,0,92,,27,142,2,6,2,9,4,,0,0,0,0,0,,2836,551,409,0,0
,0,1,61,606,7,155,,0,54,5,10,3,,7,,0,0,0,0,0,,2525,778,724,0,0
,1,0,69,8,15,27,,20,33,2,3,1,,8,,0,0,0,0,0,,2592,70,37,1,0
,0,0,86,741,19,154,,9,28,1,3,4,,2,0,0,0,0,0,0,,2344,973,945,0,0
,0,0,21,380,98,733,,112,28,1,8,8,,3,0,0,1,0,0,0,,2524,1433,1405,1,1
,0,1,88,274,0,21,,6,15,1,5,1,,6,0,1,0,0,0,0,,2190,305,290,1,0
65308,0,0,60,713,0,264,,80,34,1,7,8,,4,0,0,1,1,0,0,47,2450,1177,1143,2,0
38887,1,0,17,25,1,13,,0,3,1,1,0,,7,0,0,0,,0,0,48,2278,39,36,0,0
89694,1,1,22,1126,28,211,,28,42,3,4,3,,5,0,1,1,,0,0,47,2422,1430,1388,3,0
35765,1,0,86,22,3,30,,5,15,2,2,0,,6,0,0,0,,0,0,30,2359,60,45,0,0
42387,1,0,42,235,0,235,,4,,5,8,1,,8,0,0,0,,0,0,31,2767,493,302,0,0
7500,1,0,96,1,11,5,,6,,2,2,0,3,8,0,0,0,,0,0,34,2666,27,18,0,0
87679,0,0,,1259,172,815,,148,,1,7,11,10,4,1,0,1,,0,0,32,2496,2491,2458,3,1
59868,0,1,,771,51,154,,10,,7,11,2,12,6,0,0,0,,0,0,48,2501,1040,886,0,0
38361,1,0,,39,0,56,,8,,3,3,1,3,7,0,0,0,,0,0,51,2343,123,109,0,0
82332,0,0,,830,59,968,,79,,1,5,3,12,2,0,0,1,,0,0,59,2809,1987,1968,1,1
54690,1,1,,111,16,37,,9,,3,3,1,5,3,0,0,0,,0,0,49,2393,180,162,0,0
15033,0,0,,0,4,5,,0,,1,1,0,,3,0,0,0,0,0,0,69,2233,15,11,0,0
71819,0,1,,1224,28,140,,14,,3,3,3,,6,0,1,1,0,0,0,49,2464,1406,1238,2,0
52203,0,0,,488,21,238,,108,,1,8,7,,6,0,0,0,0,0,0,70,2857,911,883,0,0
44802,0,0,,853,10,143,,10,,2,9,4,,8,0,0,0,0,0,0,50,2836,1029,1009,0,0
65706,0,0,,918,10,129,,0,,1,11,3,,7,0,1,1,0,1,0,50,2525,1070,941,3,1
78687,0,0,,817,185,687,,55,241,1,4,6,,2,0,0,1,0,0,0,37,2848,1889,1648,1,1
67419,0,1,,846,84,352,,56,42,4,,4,,5,0,0,0,0,0,0,50,2688,1429,1387,0,0
82122,0,0,89,734,22,350,,25,100,1,,9,,1,0,0,1,0,0,0,58,2477,1282,1182,1,0
48240,0,0,73,389,91,248,,49,41,3,,3,,5,0,0,0,0,0,0,51,2756,841,800,0,1
57642,0,1,24,580,6,58,,0,27,3,,6,6,4,,0,0,0,0,0,50,2330,652,625,1,0
45906,0,1,20,305,3,27,,3,144,2,,4,4,5,,0,0,0,0,0,56,2577,342,198,1,0
61671,0,1,23,641,7,56,,0,28,8,,4,6,8,,1,0,1,0,0,52,2185,704,676,2,0
48432,0,1,3,322,3,50,,3,42,5,,1,6,8,,0,0,0,0,0,47,2778,382,340,0,0
64509,0,0,19,836,185,575,24,25,77,1,6,3,9,4,,0,0,0,0,0,30,2475,1645,1568,1,1
84618,0,0,96,684,100,801,21,66,0,1,6,9,10,2,,0,1,0,0,0,55,2378,1672,1672,1,0
52513,0,0,84,367,17,241,104,188,232,2,9,5,9,7,,0,0,0,0,0,42,2822,917,685,0,0
67267,0,1,0,134,11,59,15,2,30,1,3,2,5,2,,0,0,0,0,0,62,2206,221,191,0,0
94384,0,0,62,1111,24,790,160,45,172,,5,8,5,2,,1,1,1,0,0,67,2641,2130,1958,3,1
35544,1,0,77,30,5,23,,1,4,,2,0,3,7,,0,0,0,0,0,42,2272,63,59,0,0
42731,1,0,64,159,2,51,,2,24,,4,1,5,5,,0,0,0,0,0,51,2410,220,196,0,0
46692,0,1,37,170,6,97,,12,88,,6,1,5,6,0,0,0,0,0,0,62,2547,309,221,0,0
78427,0,0,36,972,19,595,,26,138,,3,7,10,3,0,0,0,1,0,0,72,2772,1792,1654,1,1
55801,1,1,35,367,4,51,,4,95,,7,2,6,7,0,0,0,1,0,0,45,2439,432,337,1,0
65196,0,,34,743,19,181,,0,200,,7,6,11,5,1,0,0,0,0,0,62,2498,955,755,1,0
45903,0,,80,33,8,10,,10,3,,2,1,3,4,0,0,0,0,,0,54,2226,63,60,0,0
32144,1,,76,,0,10,,0,3,,2,1,3,7,0,1,0,0,,0,66,2257,51,48,1,0
36138,1,,48,,0,16,,0,5,,3,1,4,7,0,1,0,0,,0,50,2507,146,141,1,0
8028,0,,62,,18,66,7,12,2,,0,1,0,19,0,0,0,0,,0,29,2808,176,174,0,0
40451,0,,54,,0,4,0,0,10,1,1,1,2,5,1,0,0,0,,0,63,2292,39,29,1,0
84618,0,,96,,100,801,21,66,0,1,6,9,10,2,0,0,1,0,,0,55,2378,1672,1672,1,0
1730,0,,65,,1,3,1,1,1,15,0,0,0,20,0,0,0,0,,0,49,2201,7,6,0,0
71670,0,,8,,16,128,0,,160,1,5,3,6,6,0,1,1,0,,0,58,2514,1606,1446,3,1
40548,0,,31,,0,5,2,,3,2,2,1,,,0,1,0,0,,0,50,2786,117,114,1,0
44325,0,,69,,0,21,0,,5,4,8,2,,,0,1,0,0,,0,,2638,537,532,1,0
53374,0,,34,,10,101,13,,34,6,4,2,,,1,0,0,0,,0,,2841,1030,996,1,1
45989,0,1,97,,33,87,28,,12,4,3,2,,,0,0,0,0,,0,,2774,310,298,0,0
88194,0,1,19,,14,309,201,,38,1,11,10,,,1,0,0,1,0,0,,2261,1236,1198,2,1
90273,0,0,32,704,129,853,120,,111,1,5,6,,,0,1,1,1,0,0,,2356,1880,1769,3,1
79689,0,0,,311,26,640,180,,121,1,4,9,,,0,0,0,0,0,0,,2572,1194,1073,0,0
76005,0,0,,983,20,389,240,,40,1,3,5,,,0,0,0,1,0,0,,2651,1682,1642,1,0
75702,0,1,,1073,0,629,145,,37,1,10,5,13,6,0,0,1,0,0,0,,2782,1884,1847,1,0
71847,,0,,737,21,106,55,63,210,0,,7,9,3,0,0,0,1,0,0,,2805,982,772,1,0
84169,,0,,1478,19,403,0,19,0,1,,6,6,3,0,1,1,0,0,0,,2485,1919,1919,2,1
79865,,1,,71,99,278,185,121,38,1,,10,5,1,0,0,0,0,0,0,,2170,754,716,0,0
19789,,0,,2,5,9,28,6,28,3,,1,3,5,1,0,,0,0,0,,2380,50,22,1,0
53083,,1,,215,7,33,3,0,13,6,,1,5,7,0,1,,0,0,0,,2569,258,245,1,0
80360,,0,56,1493,86,454,112,43,43,2,,4,5,2,0,1,,1,0,0,,2642,2188,2145,3,0
82347,,0,38,556,54,845,202,133,63,1,,7,10,3,1,0,,1,0,0,,2759,1790,1727,2,1
55249,,1,81,97,1,19,2,,11,1,,1,4,3,0,0,,0,0,0,,2232,119,108,0,0
46734,,2,86,100,1,39,6,,76,4,,2,3,6,1,0,,0,0,0,,2410,147,71,1,0
5648,,1,68,28,0,6,1,,13,1,,0,0,20,1,0,,0,0,0,,2267,36,23,1,0
,2,1,50,30,5,22,8,,28,4,,1,4,6,0,0,,0,0,0,,2681,74,46,0,0
,1,0,97,20,2,14,3,,10,1,2,0,2,9,0,0,,0,0,0,,2406,39,29,0,0
,0,0,49,202,2,46,3,,10,2,4,2,5,7,0,1,,1,0,0,,2493,255,245,2,1
,1,1,45,182,4,33,0,,42,6,4,1,5,7,0,0,,0,0,0,,2667,221,179,0,0
,0,2,60,593,30,91,29,,7,1,6,3,12,4,0,0,,0,0,0,,2472,765,758,0,0
,0,0,33,822,114,108,179,,114,1,7,9,9,3,0,0,,1,0,0,,2651,1360,1246,2,1
,1,0,32,23,17,23,43,,9,1,2,1,4,3,0,0,,0,0,0,,2346,126,117,0,0
,1,2,90,164,24,103,12,,42,7,5,1,6,8,0,0,,0,0,0,,2837,306,264,0,0
,0,1,67,815,8,53,11,0,70,4,2,2,9,7,0,1,0,0,0,0,,2689,887,817,1,0
,0,0,71,479,35,179,28,7,85,1,5,3,12,2,0,,0,0,0,0,,2172,728,643,1,0
,0,0,49,690,117,499,76,102,88,1,5,10,7,3,0,,0,1,0,0,,2423,1484,1396,1,0
87305,0,0,19,345,25,501,63,138,80,1,5,3,8,2,0,,1,0,0,0,,2803,1072,992,1,1
16653,1,0,10,5,7,31,15,4,7,3,2,1,3,6,0,,0,0,0,0,,2231,62,55,0,1
62058,0,1,52,301,7,74,10,0,58,4,6,1,7,6,0,,0,0,0,0,,2558,392,334,0,0
62745,0,,89,562,21,464,28,10,32,3,7,8,11,5,0,,0,0,0,0,,2622,1085,1053,0,0
16248,1,,77,12,11,10,3,12,9,3,2,1,3,6,0,,0,0,0,0,,2209,48,39,0,0
24279,0,,6,16,36,21,20,62,108,1,4,1,3,8,0,,0,0,0,0,,2706,155,47,0,0
39771,1,,92,6,2,18,2,8,14,1,2,0,3,4,0,,0,0,0,0,43,2364,36,22,0,0
36957,1,,43,100,2,16,2,1,31,4,3,2,2,9,0,,0,0,0,0,67,2820,121,90,0,1
44602,1,,35,167,2,89,0,0,34,6,6,1,4,8,0,,0,0,0,0,51,2293,258,224,0,0
56721,1,,64,157,6,39,6,13,75,5,4,1,5,6,0,,0,0,0,0,48,2765,221,146,0,0
41580,1,,15,56,5,24,4,0,3,3,2,1,3,5,0,,0,0,0,0,42,2725,89,86,0,0
45921,0,,23,102,9,49,24,3,12,1,2,1,6,4,0,,0,0,0,0,34,2270,187,175,0,0
80134,1,,40,1218,16,272,104,0,80,2,5,3,6,6,0,1,1,1,0,0,48,2564,1610,1530,3,1
92955,0,,35,693,21,925,31,24,84,1,6,7,9,2,0,0,1,1,0,0,47,2473,1694,1610,2,1
70647,0,,65,561,85,171,25,123,114,2,4,7,13,2,0,0,0,,0,0,53,2805,965,851,0,0
38683,1,,80,46,35,69,84,41,66,6,4,1,6,7,0,0,0,,0,0,31,2792,275,209,0,0
64325,0,1,41,731,60,353,78,12,73,5,10,3,5,7,0,0,0,,0,0,159,2666,1234,1161,0,0
50272,1,0,75,99,13,66,43,8,4,3,4,1,5,7,0,0,0,,0,0,138,2485,229,225,0,0
61331,1,,42,534,5,47,0,5,41,5,11,1,6,8,0,0,0,,0,0,162,2635,591,550,0,0
72679,0,,65,619,54,260,127,54,54,1,4,7,5,1,0,0,0,,0,0,151,2443,1114,1060,0,0
83844,0,,57,901,31,345,75,31,191,1,4,4,11,1,0,0,1,,0,0,168,2572,1383,1192,1,0
27244,1,,84,6,5,17,3,24,46,2,2,2,2,7,0,0,0,,0,0,141,2273,55,9,0,0
38998,1,,92,34,1,14,0,0,5,3,2,0,3,8,0,0,0,,0,1,166,2762,49,44,0,0
67536,0,,45,,0,447,23,71,35,3,11,5,11,8,0,0,0,,0,0,150,2562,1794,1759,1,0
80141,0,,20,,102,673,52,40,40,1,7,4,10,6,0,0,1,,0,0,134,2693,2051,2011,1,1
44377,1,,70,,0,30,0,0,10,8,5,1,5,8,0,0,0,,0,0,152,2791,254,244,0,0
48920,0,,93,,17,68,8,10,6,3,6,2,5,7,0,1,0,,0,0,156,2411,341,335,1,0
25959,1,1,1,,2,12,7,5,26,2,1,2,2,6,0,0,0,,0,0,150,2659,30,4,0,1
53790,0,2,86,,42,127,28,5,5,3,7,2,8,6,0,0,0,,0,0,169,2274,537,532,0,0
72117,0,1,34,,20,171,65,60,50,1,9,7,9,5,0,0,0,,0,0,143,2472,1023,973,0,0
73691,0,1,58,,21,250,85,43,73,2,6,2,8,2,1,0,0,,0,0,149,2394,1106,1033,1,0
62450,0,1,61,,47,267,62,66,38,2,5,5,4,3,0,1,0,0,0,0,161,2333,957,919,1,0
62772,0,1,74,,49,157,43,8,108,1,5,6,11,2,0,1,0,0,0,0,151,2565,838,730,1,0
82800,0,0,23,,22,115,59,68,45,1,7,6,12,3,0,0,1,1,0,0,174,2741,1270,1225,2,1
22585,0,0,23,,9,15,13,2,39,1,1,1,2,9,1,0,0,0,0,0,50,2627,42,3,1,1
59601,0,1,14,691,7,69,0,7,23,4,2,0,7,8,0,1,0,0,0,0,43,2498,774,751,1,0
10979,0,0,34,8,4,10,2,2,4,2,3,0,3,5,0,0,0,0,0,0,31,2197,26,22,0,0
35688,2,1,94,73,3,90,12,1,32,7,4,0,4,8,0,0,0,0,0,0,47,2835,179,147,0,0
48948,0,0,53,437,8,206,160,49,42,2,7,0,5,6,1,0,0,0,0,0,77,2672,860,818,1,1
57247,0,1,50,99,4,32,37,54,6,2,2,0,7,2,0,0,0,0,0,0,68,2484,226,220,0,0
18890,0,0,5,6,,1,7,2,15,1,0,0,2,6,1,0,0,0,0,0,36,2755,20,5,1,1
70165,0,0,60,161,,253,199,191,122,1,3,0,11,1,0,0,0,0,,0,71,2439,804,682,0,0
76653,0,0,91,736,,946,219,189,126,1,4,0,11,2,0,0,1,1,,0,51,2476,2153,2027,2,0
83829,0,0,78,897,,430,186,161,27,0,4,0,6,1,1,0,1,1,,0,45,2423,1835,1808,3,1
71855,0,1,59,548,,422,,,28,4,5,0,11,3,0,0,0,0,,0,43,2688,1113,1085,0,0
81795,0,0,74,324,,693,,,88,1,4,0,7,2,0,0,0,0,,0,68,2770,1294,1206,0,0
18358,1,0,49,6,,19,,,4,3,3,0,,7,0,0,0,0,,0,31,2380,53,49,0,0
7500,1,0,98,5,,17,,,34,4,2,0,,9,0,0,0,0,,0,35,2856,66,32,0,0
39356,1,1,21,15,,2,,,6,1,1,0,,6,1,0,0,0,,0,44,2261,17,11,1,0
37292,1,0,32,275,0,86,,,66,5,6,0,,8,0,0,0,0,,0,37,2596,394,328,0,0
81380,0,0,51,741,68,689,,,103,1,4,0,,2,0,0,0,0,,0,53,2713,1790,1687,0,0
65665,0,1,77,225,162,387,,,29,1,5,0,,3,0,0,0,0,,0,44,2368,916,887,0,0
89572,0,0,44,606,24,974,,,64,1,7,0,,4,0,1,0,1,,0,54,2811,1995,1931,2,1
102692,0,0,5,,148,444,,,148,1,6,0,,2,0,1,1,1,,0,46,2609,964,816,4,1
17003,1,0,37,,5,12,,,7,3,2,0,,5,0,0,0,0,,0,45,2361,31,24,0,0
46015,1,1,25,,0,2,0,0,6,1,1,0,,7,1,0,0,0,1,0,65,2236,40,34,2,0
36790,0,0,14,,3,14,15,21,10,1,2,0,2,9,0,0,,0,0,0,37,2644,56,46,0,1
31086,1,1,79,,2,11,3,0,16,2,1,0,2,8,1,0,,0,0,0,41,2580,32,16,1,0
41713,1,1,57,,8,44,10,10,,5,3,0,4,6,0,0,,0,0,0,56,2220,149,124,0,0
46014,1,1,21,,0,59,19,9,,10,7,0,8,7,0,0,,0,0,0,46,2683,497,453,0,0
70123,0,0,27,,0,396,23,0,,1,5,0,4,3,0,1,,0,1,0,37,2433,1727,1727,2,0
94472,0,1,75,,33,417,108,100,,1,5,0,5,5,0,1,,0,0,0,62,2246,1675,1659,2,0
69084,1,0,43,,107,0,39,30,,2,7,0,13,8,0,0,,0,0,0,50,2381,1556,1526,0,0
37284,1,1,46,,1,0,2,1,,1,0,0,3,6,0,0,,0,0,0,,2616,17,11,0,0
34984,1,1,40,,4,0,3,5,,2,1,0,3,7,0,0,,0,0,0,,2820,35,32,0,0
55424,0,1,6,462,61,0,10,53,,4,7,0,9,6,1,0,,,0,0,,2740,770,663,1,1
72643,0,0,60,526,80,0,123,94,,1,3,0,7,2,0,,0,,0,0,,2646,1376,1323,1,1
57906,0,1,29,243,11,0,10,3,,3,4,0,8,4,0,,0,,0,0,,2542,386,371,0,0
79593,0,0,70,350,60,0,110,133,,1,5,6,7,2,0,,1,,0,0,,2207,1221,1076,1,0
21474,1,0,0,6,16,0,11,0,34,2,3,1,2,7,1,,0,,0,0,,2241,57,23,1,1
67445,0,1,63,757,80,0,29,80,11,5,9,6,12,6,0,,0,,0,0,,2845,1163,1152,0,0
82224,0,0,83,307,26,0,138,31,40,1,6,9,5,3,0,,0,,0,0,,2314,862,822,1,0
30732,1,0,44,155,1,0,0,1,3,4,4,1,4,8,0,,0,,0,0,,2699,182,179,0,0
40521,1,1,82,12,0,0,0,0,4,1,0,1,2,5,0,,0,,0,0,,2609,17,13,0,0
77632,0,0,73,1200,105,0,0,42,147,1,4,2,6,2,0,,1,,0,0,,2635,2105,1958,2,1
43586,0,1,26,99,2,0,4,0,16,3,3,0,4,8,0,,0,,0,0,,2827,116,100,0,0
36130,0,1,46,157,43,0,68,56,37,6,3,8,4,4,1,,0,,0,0,,2671,451,414,1,1
28420,1,0,36,4,2,0,2,0,0,1,1,0,2,6,0,,0,,0,0,,2346,13,13,0,0
57811,0,1,49,545,7,0,37,21,78,5,7,2,11,5,0,,0,0,0,0,,2529,724,646,1,0
46854,1,1,81,96,1,0,7,1,79,6,5,1,3,8,1,0,0,0,0,0,,2249,184,105,1,1
65210,0,1,25,626,0,0,0,7,28,2,9,3,8,6,0,1,0,1,0,0,,2270,703,675,2,0
45688,0,1,20,279,0,0,0,0,9,2,3,1,8,4,0,1,0,0,0,0,,2314,297,288,1,0
38620,0,0,56,112,17,0,34,22,89,1,2,5,3,3,0,0,0,0,0,0,,2573,229,140,0,0
84574,0,0,72,387,20,0,38,54,163,1,9,11,11,5,0,0,0,0,0,0,,2549,1212,1049,0,0
51569,0,1,39,380,0,0,6,0,34,4,7,1,7,8,0,1,0,0,0,0,,2661,433,399,1,1
42767,2,0,53,20,6,0,19,5,38,1,3,1,2,8,0,0,0,0,0,0,,2573,93,55,0,0
45759,1,1,13,42,1,0,3,0,4,2,2,0,3,7,0,0,0,0,0,0,,2650,64,60,0,0
34600,1,1,8,199,33,0,8,3,15,5,5,2,5,8,0,0,0,0,0,0,49,2703,303,288,0,1
69520,0,0,95,627,120,0,121,80,93,1,9,6,5,5,0,0,0,0,0,0,37,2516,1362,1269,0,0
35860,1,1,37,15,0,8,4,2,20,2,1,1,2,5,1,0,0,0,0,0,47,2200,29,9,1,0
56559,0,1,46,226,22,133,41,31,31,3,4,3,8,4,0,0,0,0,0,0,45,2710,453,422,0,0
16531,1,0,43,2,13,6,7,5,11,3,3,0,3,7,0,0,0,0,0,0,42,2170,33,22,0,0
38054,1,1,24,23,2,17,2,1,0,2,2,0,3,7,0,0,0,0,0,0,70,2218,45,45,0,0
84953,0,0,73,167,48,602,63,72,72,1,3,10,4,2,0,1,1,1,0,0,67,2550,952,880,3,1
38097,1,1,70,77,2,35,0,1,69,4,3,2,2,7,1,0,0,0,0,0,50,2781,115,46,1,1
0,0,1,95,631,0,115,10,7,30,3,9,2,10,7,0,0,0,0,0,0,56,2826,763,733,0,0
0,0,0,85,292,30,415,63,33,200,1,4,5,4,2,0,0,0,1,0,0,58,2196,833,633,1,0
0,0,1,0,16,4,12,2,4,321,0,25,0,0,1,0,0,0,0,0,0,51,2426,38,-283,0,0
0,0,0,15,840,53,804,23,71,17,1,5,4,8,3,0,0,1,1,0,0,40,2579,1791,1774,2,1
0,0,1,76,104,12,48,4,12,5,1,2,2,5,2,0,0,0,0,0,0,66,2279,180,175,0,0
0,1,0,30,16,14,36,37,22,48,3,4,1,2,9,0,0,0,0,0,0,45,2562,125,77,0,1
0,0,0,10,797,153,293,72,97,30,1,11,4,6,4,0,1,1,1,0,0,52,2729,1412,1382,3,1
0,0,0,52,407,114,445,181,165,203,1,3,7,9,1,0,0,0,1,0,0,62,2318,1312,1109,1,0
0,1,0,54,19,8,29,0,12,26,1,2,2,2,7,1,0,0,0,0,0,42,2471,68,42,1,1
0,0,0,25,848,154,323,201,61,78,1,10,3,10,6,1,0,0,0,0,0,38,2665,1587,1509,1,0
0,1,0,75,15,6,20,4,5,20,1,3,1,2,7,0,0,0,0,0,0,46,2511,50,30,0,0
0,1,1,2,50,4,28,6,3,26,3,3,1,2,9,0,0,0,0,0,0,57,2819,91,65,0,1
0,0,0,1,1248,16,349,43,16,16,1,2,4,9,4,0,1,1,1,1,0,59,2575,1672,1656,4,1
0,0,0,33,754,160,625,63,32,48,1,7,5,12,3,0,0,0,1,0,0,33,2346,1634,1586,1,0
0,1,0,28,23,0,9,0,0,12,1,1,0,3,4,1,0,0,0,0,0,37,2255,32,20,1,0
0,0,0,42,519,71,860,93,27,53,1,6,2,9,2,0,0,0,0,0,0,39,2303,1570,1517,0,0
0,0,0,85,1142,51,415,90,69,37,1,7,8,11,3,1,0,0,1,0,0,38,2365,1767,1730,2,0
0,0,1,28,233,20,57,8,20,91,4,7,1,5,7,0,0,0,0,0,0,48,2721,338,247,0,0
0,0,1,63,293,8,124,11,4,106,2,6,6,3,6,1,0,0,0,0,0,47,2471,440,334,1,0
0,1,0,93,10,2,15,2,1,6,2,2,0,3,6,0,0,0,0,0,0,44,2684,30,24,0,0
0,0,0,13,779,86,537,34,69,138,1,5,9,12,3,0,0,0,0,0,0,60,2592,1505,1367,0,0
90765,0,0,25,547,99,812,151,82,33,0,4,6,5,1,0,0,1,1,0,0,50,2315,1691,1658,2,0
90226,0,0,26,1083,108,649,253,151,108,1,4,7,12,2,0,0,0,1,0,0,64,2800,2244,2136,1,0
91249,0,0,84,1324,27,119,71,108,27,0,7,9,6,4,0,1,1,1,1,0,64,2776,1649,1622,4,1
48904,0,1,1,283,10,38,0,13,27,4,7,2,4,8,0,0,0,0,0,0,60,2733,344,317,0,0
42162,1,0,31,46,7,59,2,4,27,2,3,1,3,6,1,0,0,0,0,0,39,2381,118,91,1,1
71626,0,0,94,546,72,376,94,145,72,1,5,5,8,3,0,1,0,0,0,0,41,2764,1233,1161,1,0
23616,1,0,76,4,22,11,3,7,32,2,3,0,3,8,0,0,0,0,0,0,38,2748,47,15,0,1
27161,1,0,41,7,4,23,7,0,11,1,1,0,3,7,0,0,0,0,0,0,34,2403,41,30,0,0
66465,0,1,1,1200,0,204,38,29,14,3,11,9,12,6,0,0,0,1,0,0,65,2615,1471,1457,1,0
30261,1,2,75,8,0,5,0,3,6,1,0,0,3,8,0,0,0,0,0,0,48,2801,16,10,0,0
57091,0,1,82,462,0,24,6,0,4,2,9,2,5,7,0,1,0,0,0,0,48,2742,492,488,1,1
35946,1,1,24,8,0,3,0,0,0,1,0,0,3,5,0,0,0,0,0,0,71,2434,11,11,0,0
55239,0,1,59,371,17,238,23,24,106,3,7,5,11,5,0,0,0,0,0,0,49,2509,673,567,0,0
48330,0,1,2,28,0,4,0,0,0,1,1,0,3,5,0,0,0,0,0,0,59,2385,32,32,0,0
27889,1,0,42,14,0,4,0,0,8,1,1,1,2,6,0,0,0,0,0,0,43,2518,18,10,0,0
57107,0,1,44,159,0,120,0,0,137,7,4,4,8,8,0,1,0,0,1,0,52,2833,279,142,2,1
38725,1,1,52,31,0,6,2,1,5,2,1,0,4,4,0,0,0,0,0,0,65,2209,40,35,0,0
44689,1,1,82,18,0,5,0,0,11,2,1,1,2,7,1,0,0,0,0,0,69,2329,23,12,1,0
72968,0,0,8,1092,37,592,145,37,55,1,5,5,8,3,0,0,0,1,0,0,57,2354,1903,1848,1,1
74293,0,0,66,375,152,335,93,91,81,1,5,4,6,2,0,0,0,0,0,0,27,2215,1046,965,0,0
70643,0,0,66,1218,107,304,23,143,33,1,5,8,4,6,0,0,0,0,0,0,36,2781,1795,1762,0,1
35684,1,0,66,10,4,7,0,6,3,1,1,0,3,6,0,0,0,0,0,0,36,2227,27,24,0,0
81051,0,0,43,1142,29,249,38,29,14,1,5,5,12,2,0,1,1,0,0,0,55,2196,1487,1473,2,0
46098,1,1,86,57,0,27,0,0,36,4,3,2,2,8,0,0,0,0,0,0,45,2839,84,48,0,1
42213,0,1,96,309,3,24,4,3,20,2,5,1,7,7,0,1,0,0,0,0,63,2419,343,323,1,0
59041,1,1,25,69,2,15,2,2,6,2,2,0,4,5,0,0,0,0,0,0,47,2212,90,84,0,0
42429,0,1,99,55,0,6,2,0,4,2,1,1,3,5,0,0,0,0,0,0,47,2297,63,59,0,0
82427,0,0,35,482,147,509,104,107,107,1,3,5,12,1,0,0,1,0,0,0,54,2268,1349,1242,1,0
42207,1,0,71,116,11,72,3,17,46,4,4,1,5,6,1,0,0,0,0,0,36,2613,219,173,1,1
69263,0,1,14,492,5,32,13,5,21,1,9,1,7,6,0,1,0,0,0,0,55,2275,547,526,1,0
41154,0,1,98,44,2,11,2,3,7,1,1,0,4,5,0,0,0,0,0,0,142,2605,62,55,0,0
49090,0,1,45,494,5,82,7,0,100,3,7,2,9,7,0,0,0,0,0,0,169,2504,588,488,0,0
43602,1,1,45,19,5,12,10,3,19,3,3,1,2,6,0,0,0,0,0,0,154,2329,49,30,0,0
50388,0,1,3,292,6,37,0,3,34,4,6,1,6,7,0,1,0,1,0,0,163,2191,338,304,2,1
18589,0,0,89,6,4,25,15,12,13,2,2,1,3,7,0,0,0,0,0,0,151,2702,62,49,0,0
44989,0,1,26,98,0,106,49,10,106,5,5,1,5,6,0,0,0,0,0,0,146,2814,263,157,0,0
65968,0,1,12,376,9,83,19,4,4,2,5,4,7,3,0,0,0,0,0,0,150,2207,491,487,0,0
62568,0,1,99,362,17,398,80,35,61,3,5,3,5,4,0,0,0,1,0,0,158,2242,892,831,1,0
65169,0,0,23,1074,0,69,0,0,46,1,10,4,13,6,1,0,1,1,1,0,138,2325,1143,1097,4,1
63342,0,1,48,918,21,118,13,10,21,3,8,3,5,6,0,1,0,0,0,0,159,2780,1080,1059,1,0
32727,0,0,38,167,13,180,86,13,70,2,7,3,5,8,0,0,0,0,0,0,155,2829,459,389,0,0
31761,1,0,96,19,1,20,16,14,28,2,3,0,4,5,0,0,0,0,0,0,136,2244,70,42,0,0
68627,0,0,45,395,15,263,60,54,38,1,2,3,6,1,0,0,0,0,0,0,138,2692,787,749,0,0
90300,0,0,7,594,134,786,33,134,57,0,5,6,8,1,0,0,1,0,0,0,141,2336,1681,1624,1,0
52914,0,1,32,254,10,44,30,10,227,2,7,3,3,7,1,0,0,0,0,0,149,2697,348,121,1,0
57072,0,1,79,944,0,60,0,0,30,2,7,5,13,5,1,0,0,0,0,0,159,2315,1004,974,1,0
37368,1,0,4,3,2,11,2,2,10,1,1,0,2,6,1,0,0,0,0,0,145,2354,20,10,1,0
95529,0,0,29,770,29,890,250,27,24,1,7,3,7,3,0,0,1,0,0,0,126,2732,1966,1942,1,1
105471,0,0,36,1009,181,104,202,21,207,0,9,8,13,3,0,0,1,1,0,0,150,2683,1517,1310,2,1
58554,1,1,55,368,24,68,38,0,88,6,8,2,6,7,0,0,0,0,0,0,152,2800,498,410,0,0
35340,1,1,1,27,0,12,0,1,5,2,2,0,3,5,0,0,0,0,0,0,164,2159,40,35,0,0
37155,1,0,51,23,0,26,7,15,3,1,2,0,4,5,0,0,0,0,0,0,131,2673,71,68,0,0
45143,0,1,74,202,5,74,11,5,14,3,6,1,5,7,0,0,0,0,0,0,155,2466,297,283,0,0
44794,0,1,99,54,0,7,0,0,4,1,2,0,3,6,0,0,0,0,0,0,54,2180,61,57,0,0
49094,0,1,6,376,0,38,11,8,69,5,6,3,6,6,0,0,0,0,0,0,47,2805,433,364,0,0
82347,0,0,38,556,54,845,202,133,63,1,7,7,10,3,1,0,0,1,0,0,63,2759,1790,1727,2,0
42997,1,1,91,4,0,5,0,1,5,1,1,0,2,7,0,0,0,0,0,0,43,2363,10,5,0,0
96876,0,0,79,908,43,735,40,194,21,1,7,7,9,2,0,1,1,1,0,0,43,2486,1920,1899,3,1
27159,1,1,33,17,0,3,0,0,1,2,1,0,3,6,0,0,0,0,0,0,47,2251,20,19,0,0
66731,0,1,33,371,159,194,58,106,141,4,4,3,6,3,0,0,0,0,0,0,50,2814,888,747,0,0
12393,0,0,38,5,6,15,11,7,13,1,2,0,3,9,0,0,0,0,0,0,42,2731,44,31,0,0
82584,0,0,26,1076,68,103,29,91,68,1,3,4,8,1,0,1,1,0,0,0,46,2549,1367,1299,2,1
34176,1,0,12,5,7,24,19,14,20,4,3,0,4,6,0,0,0,0,0,0,32,2207,69,49,0,0
91172,0,0,94,162,28,818,0,28,56,0,4,3,7,3,1,0,1,1,1,0,30,2618,1036,980,4,1
29548,1,0,52,7,1,6,3,1,11,1,1,1,2,4,1,0,0,0,0,0,50,2463,18,7,1,0
78041,0,0,93,482,35,553,72,160,17,1,4,4,9,2,0,0,0,0,0,0,49,2719,1302,1285,0,0
34578,2,1,1,7,0,1,0,0,0,1,1,0,2,6,0,0,0,0,0,0,48,2238,8,8,0,0
23295,0,0,72,0,0,1,2,12,5,1,1,0,2,8,0,0,0,0,0,0,61,2510,15,10,0,0
80395,0,0,62,445,25,706,80,76,48,1,6,5,12,2,0,0,0,1,0,0,65,2377,1332,1284,1,0
64892,0,1,77,527,24,230,32,24,65,2,6,4,12,4,0,0,0,0,0,0,44,2190,837,772,0,0
70924,0,0,41,635,114,254,132,152,76,1,6,6,7,3,0,0,1,0,0,0,55,2242,1287,1211,1,0
51141,0,0,96,144,0,7,0,0,6,1,3,1,4,5,0,0,0,0,0,0,80,2515,151,145,0,0
65370,0,0,1,71,22,112,138,89,29,1,2,3,13,1,0,0,0,0,0,0,36,2491,432,403,0,0
46734,0,1,40,110,5,137,26,23,29,2,6,1,5,7,0,0,0,0,0,0,66,2747,301,272,0,0
68655,0,0,95,456,19,832,75,118,38,1,4,5,11,3,0,0,0,0,0,0,32,2847,1500,1462,0,0
77568,0,1,30,1230,0,396,232,178,158,1,10,2,8,5,0,1,1,1,0,0,41,2832,2036,1878,3,0
31814,1,0,73,35,3,20,4,1,20,2,2,0,3,9,1,0,0,0,0,0,47,2664,63,43,1,0
102160,0,0,54,763,29,138,76,176,58,0,7,9,10,4,0,1,1,1,0,0,43,2763,1182,1124,3,1
72099,0,0,18,546,91,410,119,0,22,1,3,4,10,1,0,0,0,0,0,0,46,2769,1166,1144,0,0
36145,1,0,13,56,4,76,17,1,18,4,4,1,3,9,1,0,0,0,0,0,35,2537,154,136,1,1
30298,0,0,48,6,3,12,6,1,0,1,1,1,3,3,0,0,0,0,0,0,35,2200,28,28,0,0
88420,0,0,87,957,153,612,99,95,153,1,4,7,8,1,1,0,1,1,0,0,31,2217,1916,1763,3,0
52190,1,1,39,42,0,17,0,0,18,3,2,1,3,5,1,0,0,0,0,0,44,2211,59,41,1,0
77583,0,0,93,372,23,384,250,12,108,1,4,5,9,2,0,0,0,1,0,0,42,2298,1041,933,1,0
86037,0,0,95,490,44,125,29,20,22,1,6,7,11,3,0,1,1,0,0,0,29,2702,708,686,2,1
54984,0,1,51,173,13,131,32,3,6,4,6,1,6,7,0,0,0,1,0,0,61,2195,352,346,1,0
42523,0,0,96,14,36,11,3,26,35,1,1,1,4,2,0,0,0,0,0,0,56,2226,90,55,0,0
0,1,0,43,65,4,16,0,4,11,1,3,0,3,8,0,0,0,0,0,0,34,2691,89,78,0,0
0,0,0,10,464,28,873,29,18,37,0,7,4,7,2,0,0,0,1,0,0,59,2379,1412,1375,1,1
0,0,1,5,520,8,223,32,49,42,4,10,5,7,8,1,0,0,0,0,0,71,2819,832,790,1,1
0,1,0,68,20,2,9,4,6,20,1,1,1,2,4,0,0,0,0,0,0,36,2307,41,21,0,0
0,0,0,73,504,23,117,179,28,44,1,6,5,4,4,0,0,0,1,0,0,45,2828,851,807,1,1
0,0,1,5,520,8,223,32,49,42,4,10,5,7,8,1,0,0,0,0,0,71,2819,832,790,1,1
0,1,0,16,172,10,125,21,13,16,6,7,2,4,9,0,0,0,0,0,0,49,2748,341,325,0,1
0,2,1,56,406,0,30,0,0,8,7,8,2,5,7,0,0,0,1,0,0,74,2178,436,428,1,0
0,0,1,71,378,14,68,19,14,14,2,3,5,8,3,0,0,0,0,0,0,70,2540,493,479,0,0
0,1,0,81,5,1,7,17,14,11,2,2,1,3,6,0,0,0,0,0,0,34,2454,44,33,0,0
0,0,0,78,760,53,400,17,93,0,1,4,5,11,2,0,0,0,1,0,0,60,2385,1323,1323,1,0
0,0,0,70,350,60,568,110,133,145,1,5,6,7,2,0,0,1,0,0,0,47,2207,1221,1076,1,0
0,1,1,77,650,28,353,45,42,30,5,4,6,11,8,0,0,0,0,0,0,53,2828,1118,1088,0,0
0,0,0,32,1050,178,555,77,138,118,1,4,7,9,1,0,0,0,1,0,0,59,2520,1998,1880,1,0
0,0,0,44,525,147,112,219,147,63,1,6,7,9,2,0,0,0,1,0,0,59,2617,1150,1087,1,0
0,1,0,39,2,3,6,4,1,9,1,1,1,2,7,0,0,0,0,0,0,50,2208,16,7,0,0
51563,0,0,60,1166,0,48,0,0,36,1,4,4,10,8,0,1,1,0,0,0,33,2795,1214,1178,2,0
34738,1,0,51,3,2,10,3,0,2,1,1,0,3,6,0,0,0,0,0,0,36,2208,18,16,0,0
70321,0,0,6,303,23,751,82,26,191,1,6,5,13,4,0,0,0,0,0,0,73,2688,1185,994,0,1
72906,0,0,79,400,32,519,71,75,54,1,3,4,9,1,0,0,0,0,0,0,65,2444,1097,1043,0,0
37040,0,0,41,86,2,73,69,38,48,1,4,2,5,8,0,0,0,0,0,0,38,2849,268,220,0,0
62845,1,1,3,1099,0,45,0,0,34,11,3,4,10,8,0,1,0,0,0,0,71,2795,1144,1110,1,1
63342,0,1,48,918,21,118,13,10,21,3,8,3,5,6,0,1,0,0,0,0,59,2780,1080,1059,1,1
54591,0,1,63,376,4,94,12,9,24,3,6,2,8,5,0,0,0,0,0,0,71,2487,495,471,0,0
70777,0,1,80,554,35,113,0,7,78,3,5,3,12,3,0,0,0,0,0,0,52,2283,709,631,0,0
33697,1,0,34,4,3,7,0,3,11,1,1,0,2,7,1,0,0,0,0,0,50,2446,17,6,1,0
77044,0,1,12,625,38,242,50,34,76,2,7,11,11,4,1,0,0,0,0,0,48,2404,989,913,1,0
44375,0,1,73,213,5,28,7,7,41,1,4,1,6,5,0,0,0,0,0,0,55,2257,260,219,0,0
84906,0,0,98,997,15,414,99,30,76,1,5,6,12,2,0,1,1,0,1,0,48,2427,1555,1479,3,0
85710,0,0,5,600,20,350,29,30,33,1,6,9,10,2,0,0,1,0,0,0,31,2579,1029,996,1,0
22010,1,0,51,11,2,9,3,0,8,2,2,0,3,8,0,0,0,0,0,0,37,2523,25,17,0,0
72309,0,0,64,960,0,883,50,38,0,1,5,6,8,3,0,0,0,1,0,0,44,2634,1931,1931,1,1
90000,0,0,91,675,144,133,94,192,241,1,4,8,5,1,1,0,1,1,0,0,36,2347,1238,997,3,0
19514,1,1,47,14,3,21,2,1,28,4,3,1,2,8,1,0,0,0,0,0,52,2313,41,13,1,1
74290,0,1,70,1121,0,72,0,12,12,4,10,8,10,6,0,1,0,1,0,0,49,2480,1205,1193,2,0
53863,0,1,4,399,4,30,6,4,30,3,7,1,7,7,0,1,0,0,0,0,65,2202,443,413,1,0
79419,0,0,96,751,127,687,20,15,31,1,4,6,4,2,0,0,0,0,0,0,50,2166,1600,1569,0,0
7500,0,0,94,0,2,3,4,1,5,1,0,0,3,6,0,0,0,0,0,0,33,2695,10,5,0,0
51411,1,2,81,14,0,3,0,0,1,1,0,0,3,5,0,0,0,0,0,0,67,2558,17,16,0,0
83273,1,2,98,433,89,650,16,102,102,10,4,6,9,7,0,0,0,0,0,0,50,2801,1290,1188,0,0
46015,1,1,25,38,0,2,0,0,6,1,1,0,3,7,1,0,0,0,1,0,65,2236,40,34,2,0
66373,1,1,57,328,9,124,12,24,109,7,4,2,10,3,0,0,0,0,0,0,42,2541,497,388,0,0
45183,0,0,33,219,3,60,12,9,12,1,4,1,7,7,0,1,0,0,0,0,58,2684,303,291,1,0
83891,0,1,24,217,38,350,111,85,15,1,4,7,10,1,0,0,0,0,0,0,0,2168,801,786,0,0
14918,0,1,52,3,3,3,15,4,15,1,1,0,3,6,0,0,0,0,0,0,0,2728,28,13,0,0
81168,0,0,84,410,0,592,147,22,22,1,6,4,7,3,0,0,0,1,0,0,0,2212,1171,1149,1,0
33456,1,1,58,7,3,10,8,1,7,2,1,0,3,7,0,0,0,0,0,0,0,2228,29,22,0,0
18793,1,0,14,4,16,20,0,17,20,3,2,0,4,8,0,0,0,0,0,0,0,2692,57,37,0,0
20425,1,0,5,4,12,5,3,16,17,2,2,0,3,7,0,0,0,0,0,0,0,2767,40,23,0,0
62000,0,1,25,899,0,101,0,0,20,1,6,6,13,4,0,0,0,1,0,0,0,2467,1000,980,1,0
64014,2,1,56,406,0,30,0,0,8,7,8,2,5,7,0,0,0,1,0,0,0,2178,436,428,1,0
67369,0,1,81,1298,0,70,37,14,42,4,7,4,10,4,0,1,1,0,0,0,0,2748,1419,1377,2,1
63033,0,0,82,194,61,480,225,112,30,1,3,4,8,2,0,0,0,0,0,0,0,2385,1072,1042,0,0
63207,0,0,68,438,169,565,91,169,70,1,2,3,6,7,0,0,0,1,0,0,0,2684,1432,1362,1,0
53700,0,1,94,263,5,233,69,41,83,4,5,5,8,5,0,0,0,0,0,0,0,2840,611,528,0,0
33564,0,1,51,61,0,3,0,0,7,1,1,1,3,5,0,0,0,0,0,0,0,2164,64,57,0,0
75278,0,0,17,304,98,230,150,74,74,1,6,3,13,3,0,0,0,0,0,0,0,2675,856,782,0,0
63404,0,2,97,734,26,70,11,44,17,2,6,3,4,4,0,0,0,1,0,0,0,2182,885,868,1,0
62820,0,0,51,398,61,265,138,61,53,1,3,4,6,1,0,0,0,0,0,0,0,2573,923,870,0,0
48985,0,1,13,19,13,18,10,7,8,1,1,1,3,3,0,0,0,0,0,0,0,2518,67,59,0,0
78497,0,0,44,207,26,447,75,0,223,1,5,7,12,2,0,0,0,1,0,0,0,2369,755,532,1,0
70932,0,1,57,200,193,100,46,185,185,2,6,2,12,3,0,0,0,0,0,0,148,2320,724,539,0,0
58113,0,1,66,221,104,169,102,78,84,3,9,2,8,7,0,0,0,0,0,1,161,2679,674,590,0,0
59925,0,1,83,473,21,176,19,21,56,3,9,2,9,6,0,0,0,0,0,0,165,2735,710,654,0,0
78499,0,0,12,912,72,170,47,36,97,1,11,3,4,4,0,0,1,0,0,0,163,2377,1237,1140,1,1
13260,1,1,48,9,4,17,10,2,7,4,3,0,3,8,0,0,0,0,0,0,150,2469,42,35,0,0
80812,0,0,95,769,22,500,210,143,33,1,4,8,5,2,1,0,1,1,0,0,167,2444,1644,1611,3,0
49505,1,1,4,604,0,100,19,0,28,9,10,2,8,8,0,0,0,0,0,0,149,2640,723,695,0,0
57036,0,1,33,1171,43,219,19,14,47,4,6,3,13,9,1,0,0,0,0,0,145,2724,1466,1419,1,0
44911,0,1,11,159,0,22,2,1,31,3,4,1,4,7,0,0,0,0,0,0,161,2630,184,153,0,0
81205,0,0,43,724,74,929,97,55,130,1,5,6,7,2,1,0,1,0,1,0,150,2326,1879,1749,3,1
56337,1,1,25,349,16,144,28,5,182,5,8,5,4,8,1,0,0,1,0,0,139,2618,542,360,2,1
68126,0,0,40,1332,17,311,23,51,86,1,7,4,5,9,0,1,0,0,0,0,129,2755,1734,1648,1,1
80134,1,0,40,1218,16,272,104,0,80,2,5,3,6,6,0,1,1,1,0,0,148,2564,1610,1530,3,1
47850,1,0,72,42,7,43,20,12,10,1,3,0,4,6,0,0,0,0,0,0,140,2367,124,114,0,0
50611,0,1,98,459,0,24,6,0,4,6,4,5,7,6,0,1,0,0,0,0,160,2792,489,485,1,0
63972,0,1,93,928,63,254,0,12,12,4,5,4,10,4,0,1,0,0,0,0,156,2733,1257,1245,1,0
82571,0,0,28,861,31,558,62,95,79,0,6,5,13,2,0,0,1,0,0,0,158,2247,1607,1528,1,0
35860,1,1,37,15,0,8,4,2,20,2,1,1,2,5,1,0,0,0,0,0,147,2200,29,9,1,1
30396,1,0,22,15,0,6,0,1,12,2,1,1,2,7,1,0,0,0,0,0,151,2219,22,10,1,1
77226,0,1,29,631,43,239,128,76,21,2,6,8,12,3,0,0,0,0,0,0,157,2280,1117,1096,0,0
54233,0,1,46,652,8,158,21,0,142,4,11,6,5,8,0,0,0,0,0,0,143,2669,839,697,0,0
5305,0,1,12,12,4,7,1,3,5,0,1,0,0,13,0,0,0,0,0,0,144,2493,27,22,0,0
76081,0,0,85,292,30,415,63,33,200,1,4,5,4,2,0,0,0,1,0,0,158,2196,833,633,1,0
56937,1,0,81,746,8,125,11,8,8,7,8,6,9,6,0,1,0,0,0,0,139,2853,898,890,1,1
18690,0,0,77,6,1,7,23,4,19,1,1,1,2,8,0,0,0,0,0,0,161,2707,41,22,0,0
78028,0,1,38,158,19,288,25,0,38,1,6,4,9,7,0,1,1,0,0,0,164,2816,490,452,2,1
82576,0,0,66,1206,55,445,168,18,18,1,2,4,12,1,0,0,1,0,0,0,161,2856,1892,1874,1,0
44953,0,0,31,728,17,133,11,8,124,1,7,3,13,6,1,0,0,0,0,0,139,2714,897,773,1,0
22419,0,0,74,30,3,47,19,21,42,1,3,2,2,8,0,0,0,0,0,0,157,2596,120,78,0,0
15345,1,0,51,5,2,16,3,2,19,2,1,1,2,8,0,0,0,0,0,0,136,2826,28,9,0,1
58482,0,1,59,576,7,115,19,7,7,2,7,4,9,6,0,1,0,0,0,0,165,2268,724,717,1,0
61014,0,1,17,269,129,495,182,43,29,4,9,3,4,7,0,0,0,0,0,0,140,2846,1118,1089,0,0
54466,1,1,78,12,0,4,0,0,0,1,1,0,2,5,0,0,0,0,0,0,147,2299,16,16,0,0
42618,1,0,92,76,14,74,13,5,10,2,5,0,4,8,0,0,0,0,0,0,148,2422,182,172,0,0
86111,0,0,73,399,28,756,36,40,126,1,5,7,10,2,0,0,0,0,0,0,158,2595,1259,1133,0,0
59809,0,2,36,598,16,141,32,41,49,3,3,3,6,8,0,0,0,0,0,0,44,2778,828,779,0,0
39898,0,1,20,69,8,26,12,7,12,2,3,0,4,7,0,0,0,0,0,0,66,2661,122,110,0,0
70924,0,0,41,635,114,254,132,152,76,1,6,6,7,3,0,0,1,0,0,0,55,2242,1287,1211,1,0
68117,0,1,80,618,44,215,0,17,36,2,11,8,4,6,1,0,0,0,0,0,73,2635,894,858,1,1
50965,0,1,87,544,13,85,8,6,29,3,10,4,5,8,1,0,0,0,0,0,64,2653,656,627,1,0
75437,0,0,25,795,0,545,95,58,0,1,8,4,10,6,0,0,0,1,0,0,42,2391,1493,1493,1,0
51315,0,0,45,68,28,39,16,30,41,1,2,2,5,2,0,0,0,0,0,0,72,2285,181,140,0,0
55212,0,1,65,1103,0,45,0,0,34,3,4,2,11,8,0,1,0,0,1,0,51,2742,1148,1114,2,0
76624,0,1,68,411,106,147,54,115,66,1,5,10,7,1,1,0,0,0,0,0,58,2195,833,767,1,0
68682,0,0,56,919,0,505,99,30,45,1,4,9,10,2,0,0,0,0,0,0,29,2425,1553,1508,0,0
71969,0,1,59,1000,0,76,0,0,10,3,3,4,9,8,0,1,0,0,0,0,49,2780,1076,1066,1,0
67445,0,1,63,757,80,217,29,80,11,5,9,6,12,6,0,0,0,0,0,0,46,2845,1163,1152,0,0
43795,0,1,11,314,11,53,4,3,107,3,7,3,4,7,0,1,0,0,0,0,52,2415,385,278,1,1
68148,0,0,86,389,66,408,37,57,85,1,4,4,6,2,0,0,0,0,0,0,63,2461,957,872,0,0
52597,0,1,69,492,0,37,7,0,42,3,6,3,8,5,0,0,0,0,0,0,58,2212,536,494,0,0
75825,0,0,40,1032,105,779,137,105,51,0,5,8,9,4,1,0,0,0,0,0,44,2784,2158,2107,1,1
71952,1,0,93,0,80,455,52,107,93,2,8,4,8,4,1,0,1,0,0,0,34,2694,1350,1257,2,0
50611,0,1,98,0,0,24,6,0,4,6,4,5,7,6,0,1,0,0,0,0,60,2792,489,485,1,1
44124,0,1,62,0,0,55,0,6,52,4,6,2,5,8,0,0,0,0,0,0,74,2573,345,293,0,0
17688,1,0,82,0,2,1,3,1,2,1,1,0,2,8,0,0,0,0,0,1,41,2691,9,7,0,0
65487,0,0,48,0,67,500,199,0,163,3,3,5,6,2,0,0,0,0,0,0,63,2329,1006,843,0,0
88097,1,0,24,0,0,480,0,126,75,1,6,5,8,9,0,1,1,1,0,0,42,2839,769,694,3,1
32765,1,0,49,0,3,17,7,3,3,2,2,0,4,5,0,0,0,0,0,0,41,2285,43,40,0,0
93404,1,2,97,0,15,287,20,0,15,3,3,4,7,5,0,1,1,0,0,0,66,2577,1601,1586,2,0
74250,0,0,90,0,11,392,75,0,0,1,2,11,4,1,0,0,0,0,0,0,62,2313,1158,1158,0,0
58656,0,1,25,0,12,194,16,24,12,4,7,8,13,6,0,0,1,0,0,0,64,2806,1208,1196,1,0
60597,0,1,2,0,0,257,32,16,66,4,2,2,8,7,0,0,0,1,0,0,0,2338,827,761,1,1
62551,0,0,27,0,16,98,134,21,27,1,6,7,4,3,1,0,0,0,0,0,0,2382,394,367,1,0
53312,0,0,32,0,0,12,0,0,25,1,5,1,5,7,0,0,0,0,0,0,0,2483,253,228,0,0
33039,1,0,4,0,8,12,8,8,12,1,2,0,4,5,0,0,0,0,0,0,0,2452,66,54,0,0
74637,0,0,73,0,64,464,146,0,16,1,6,9,9,3,0,0,0,1,0,0,0,2566,1634,1618,1,0
56551,1,1,48,0,4,32,17,2,16,3,2,1,4,4,0,0,0,0,0,0,0,2212,122,106,0,0
48752,1,1,8,0,57,100,71,15,0,5,6,1,5,9,0,0,0,0,0,0,0,2723,316,316,0,1
63777,1,1,87,0,5,106,15,17,53,8,11,1,6,8,0,0,0,0,0,0,0,2621,600,547,0,0
19510,2,0,63,9,0,7,3,4,7,2,1,0,3,7,0,0,0,0,0,0,0,2457,23,16,0,0
37244,1,1,90,18,2,10,0,0,25,1,1,1,2,7,1,0,0,0,0,0,0,2587,30,5,1,0
65275,0,0,9,388,14,218,91,14,21,1,4,3,13,2,0,0,0,0,0,0,0,2611,725,704,0,0
50116,1,1,68,54,0,10,0,0,2,2,1,0,4,5,0,1,0,0,0,0,0,2168,64,62,1,0
69109,0,0,10,823,25,459,124,29,95,1,6,6,7,4,0,0,1,0,0,0,0,2756,1460,1365,1,1
76542,0,0,91,794,73,573,0,29,14,1,4,8,10,2,0,0,0,0,0,0,0,2615,1469,1455,0,0
58607,0,1,63,867,0,86,0,0,19,3,2,3,9,8,0,1,0,0,0,0,0,2712,953,934,1,0
82025,0,0,76,267,98,606,48,70,98,1,3,2,6,1,0,0,1,0,0,0,0,2556,1089,991,1,1
0,1,0,64,0,4,7,11,10,15,2,2,0,3,6,0,0,0,0,0,0,0,2718,32,17,0,0
0,1,1,48,505,137,401,104,22,22,3,11,5,11,5,0,0,0,0,0,1,0,2696,1169,1147,0,0
0,1,0,30,5,3,11,12,5,9,1,2,0,3,6,0,0,0,0,0,0,0,2197,36,27,0,0
0,0,0,72,572,8,232,23,62,17,1,4,3,6,1,0,0,0,1,0,0,0,2160,897,880,1,0
0,0,1,93,509,0,27,0,0,10,1,8,3,6,7,0,1,0,0,0,0,0,2451,536,526,1,0
0,0,0,91,908,48,217,32,12,24,1,2,3,13,6,0,1,0,0,0,0,39,2314,1217,1193,1,0
0,0,1,87,91,3,52,2,1,31,3,4,0,4,8,0,0,0,0,0,0,49,2783,149,118,0,1
0,1,0,94,29,0,29,0,5,4,1,2,0,3,5,0,0,0,0,0,0,46,2335,63,59,0,0
0,0,0,40,760,40,480,0,40,26,1,3,5,12,1,0,0,1,1,0,0,31,2203,1320,1294,2,0
0,0,0,98,982,17,672,23,34,51,1,6,2,8,2,0,0,1,0,0,0,37,2562,1728,1677,1,1
0,1,1,43,24,0,2,0,0,9,2,1,1,2,5,1,0,0,0,0,0,54,2193,26,17,1,0
0,1,1,53,36,0,12,2,2,10,4,3,1,3,5,0,0,0,0,0,0,62,2233,52,42,0,0
0,0,0,41,913,26,376,17,26,13,1,3,6,11,1,0,1,1,0,0,0,42,2316,1358,1345,2,0
0,0,0,6,1296,17,311,45,69,51,1,2,4,10,1,0,1,1,1,1,0,66,2259,1738,1687,4,1
0,0,1,96,712,0,45,0,0,191,3,2,4,5,7,1,0,0,0,0,0,72,2379,757,566,1,0
0,0,0,78,1168,92,408,72,129,55,1,5,6,7,1,0,0,1,0,0,0,61,2263,1869,1814,1,0
0,1,1,30,154,0,50,6,11,37,5,3,4,3,6,1,0,0,0,0,0,51,2429,221,184,1,0
0,0,1,39,229,7,137,4,0,91,5,4,2,8,5,0,0,0,0,0,0,58,2642,377,286,0,0
0,1,1,49,27,2,10,0,0,1,2,1,0,3,8,0,0,0,0,0,0,54,2792,39,38,0,0
0,1,1,37,15,0,8,4,2,20,2,1,1,2,5,1,0,0,0,0,0,47,2200,29,9,1,0
0,0,0,68,562,81,276,80,40,81,1,6,3,6,4,0,0,0,0,0,0,75,2567,1039,958,0,0
0,0,0,9,1478,19,403,0,19,0,1,7,6,6,3,0,1,1,0,0,0,38,2485,1919,1919,2,1
64950,0,1,29,819,0,72,12,0,63,2,11,2,10,7,0,1,0,0,0,0,69,2845,903,840,1,0
46831,1,1,84,22,2,10,6,4,34,2,1,2,2,4,0,0,0,0,0,0,51,2545,44,10,0,0
80685,0,0,55,241,45,604,34,26,54,1,6,4,10,2,0,0,0,0,0,0,26,2835,950,896,0,0
55914,0,1,32,384,60,364,119,101,232,4,11,6,8,7,0,0,0,0,0,0,45,2585,1028,796,0,0
80398,0,0,92,342,51,936,207,35,26,1,5,8,12,3,0,0,1,0,0,0,54,2755,1571,1545,1,0
64355,1,0,66,1047,0,140,67,38,153,2,4,3,12,8,0,0,0,0,0,0,35,2833,1292,1139,0,0
79244,0,0,58,471,102,125,212,61,245,1,4,10,7,1,0,0,1,1,0,0,27,2716,971,726,2,1
83003,0,0,18,856,61,570,40,25,122,1,7,6,8,3,0,0,1,0,0,0,55,2642,1552,1430,1,1
37509,1,0,24,37,5,56,12,8,5,2,3,0,4,7,0,0,0,0,0,0,44,2814,118,113,0,0
83837,0,0,79,847,66,119,86,89,111,1,9,10,5,4,0,1,0,1,0,0,72,2719,1207,1096,2,1
74068,0,0,14,783,30,537,140,76,15,1,4,10,9,2,0,0,0,0,0,0,44,2626,1566,1551,0,0
63810,0,1,45,977,12,253,16,12,101,4,4,3,12,8,0,1,0,0,0,0,54,2754,1270,1169,1,0
82326,0,0,30,938,142,754,159,81,183,1,5,10,6,2,0,1,1,1,0,0,43,2270,2074,1891,3,1
78569,0,0,14,558,79,622,207,175,95,1,4,6,4,1,0,0,1,0,0,0,74,2289,1641,1546,1,1
30833,1,1,33,11,0,7,3,1,6,2,1,0,3,5,0,0,0,0,0,0,69,2507,22,16,0,0
55260,0,1,81,825,8,53,11,0,242,2,8,10,5,6,0,0,0,0,0,0,48,2723,897,655,0,0
80134,0,0,11,966,26,282,52,26,26,1,2,7,11,5,0,1,1,1,1,0,26,2294,1352,1326,4,0
82333,0,0,60,1311,0,359,46,89,17,1,4,3,10,2,0,0,1,0,0,0,34,2615,1805,1788,1,1
55951,0,1,62,1241,0,80,0,13,40,3,3,6,11,8,0,1,0,0,1,0,68,2834,1334,1294,2,0
83790,0,0,81,1076,16,417,42,48,16,1,8,10,6,3,0,1,1,0,0,0,72,2385,1599,1583,2,0
65747,0,1,96,346,17,48,23,13,13,4,8,1,6,6,0,1,0,0,0,0,51,2273,447,434,1,0
43783,1,0,22,327,9,125,25,4,139,6,7,1,8,7,1,0,0,0,0,0,42,2190,490,351,1,0
77382,0,1,36,491,48,231,112,105,134,2,5,7,12,1,0,0,1,0,0,0,52,2332,987,853,1,0
40760,0,1,64,70,0,17,0,0,6,2,2,1,3,6,0,0,0,0,0,0,55,2462,87,81,0,0
38593,1,0,42,51,12,49,17,24,24,3,4,1,3,8,0,0,0,0,0,0,42,2448,153,129,0,0
24882,1,0,52,1,4,10,29,0,36,1,1,1,2,6,1,0,0,0,0,0,42,2817,44,8,1,0
69142,0,1,50,448,4,34,6,4,39,3,8,1,7,5,0,1,0,0,0,0,68,2159,496,457,1,0
46231,2,1,87,189,2,55,0,5,12,4,6,1,4,9,0,0,0,0,0,0,67,2739,251,239,0,0
43142,1,1,84,5,1,7,2,1,4,1,1,0,2,7,0,0,0,0,0,0,51,2290,16,12,0,0
84460,0,0,80,152,27,103,106,54,81,0,9,9,4,5,0,1,1,1,1,0,62,2700,442,361,4,1
69372,0,0,10,997,26,269,34,13,42,1,10,4,6,4,0,1,1,0,0,0,71,2654,1339,1297,2,1
67272,0,1,12,357,35,271,28,28,14,3,6,2,12,5,0,0,0,0,0,0,54,2349,719,705,0,0
36283,1,1,42,6,5,5,8,0,5,2,1,0,3,4,0,0,0,0,0,0,44,2235,24,19,0,0
83145,0,0,14,777,35,731,39,137,114,1,5,9,11,2,0,0,1,0,0,0,46,2804,1719,1605,1,1
61794,0,1,74,264,47,188,54,47,11,2,4,4,10,2,0,0,0,0,0,0,59,2447,600,589,0,0
64504,1,2,81,986,36,168,16,0,108,7,11,3,4,7,0,0,0,0,0,0,67,2641,1206,1098,0,1
81574,0,0,89,1252,0,0,46,35,0,1,4,5,8,1,0,1,1,0,0,0,73,2221,1798,1798,2,0
92533,0,0,84,693,21,0,110,147,42,1,6,5,11,2,0,0,1,1,0,0,35,2351,1089,1047,2,0
62845,1,1,3,1099,0,0,0,0,34,11,3,4,10,8,0,1,0,0,0,0,171,2795,1144,1110,1,0
38232,1,1,84,43,5,0,7,6,33,4,3,1,3,5,0,0,0,0,0,0,149,2322,89,56,0,0
18701,1,1,95,12,4,0,10,6,10,4,2,0,4,5,0,0,0,0,0,0,156,2549,34,24,0,0
42710,1,0,38,252,3,0,4,3,102,2,4,5,3,6,0,0,0,0,0,0,136,2737,304,202,0,0
89891,0,0,17,412,22,0,59,28,183,1,11,6,8,4,0,0,1,0,0,0,129,2599,653,470,1,0
27213,1,0,19,19,3,0,10,9,3,3,2,0,4,8,0,0,0,0,0,0,148,2827,67,64,0,1
57959,0,1,71,430,16,0,43,24,33,5,4,7,11,3,0,0,0,0,0,0,165,2582,835,802,0,0
44635,1,1,25,56,0,0,0,0,3,2,2,0,3,7,0,0,0,0,0,0,149,2420,65,62,0,0
55521,1,2,11,416,0,0,0,0,4,9,6,3,6,7,0,0,0,0,0,0,165,2409,442,438,1,1
26816,0,0,50,5,1,0,3,4,3,1,0,0,3,4,0,0,0,0,0,0,134,2840,19,16,0,0
92491,0,0,71,979,44,0,29,25,22,1,7,5,12,3,0,0,1,0,0,0,137,2583,2012,1990,3,1
39552,1,1,54,165,3,0,4,24,41,7,6,2,5,8,0,0,0,0,0,0,158,2717,343,302,0,1
83033,1,0,82,812,99,0,237,149,33,1,11,4,10,5,0,0,0,0,0,0,134,2201,1728,1695,1,0
61284,0,0,76,618,15,0,20,7,45,1,11,2,8,6,0,0,0,0,0,0,165,2419,766,721,1,0
86580,0,0,72,532,21,0,26,20,20,0,4,2,5,1,0,0,1,0,0,0,137,2646,726,706,1,0
44359,1,1,19,20,0,0,7,3,1,3,2,0,4,3,0,0,0,0,0,0,142,2171,44,43,0,0
169372,0,0,25,507,93,520,242,40,26,1,5,10,5,1,0,0,0,0,0,0,176,2317,1402,1376,1,1
167272,0,1,98,538,13,91,17,6,26,6,6,2,11,5,0,0,0,0,0,0,154,2518,665,639,1,0
136283,1,0,40,10,0,8,0,0,9,1,1,0,2,9,1,0,0,0,0,0,134,2783,18,9,1,1
183145,0,0,57,774,70,118,182,187,93,1,4,9,13,1,0,0,0,0,0,0,172,2494,1331,1238,0,0
161794,1,1,69,159,4,45,6,2,38,6,5,1,4,8,0,0,0,0,0,0,145,2768,216,178,0,0
164504,0,0,69,1016,12,215,16,12,63,1,4,5,10,3,0,0,0,0,0,0,165,2552,1271,1208,1,0
181574,0,1,32,415,5,124,15,35,11,1,5,2,11,3,0,0,0,0,0,0,162,2427,594,583,0,0
192533,0,0,25,817,183,797,106,163,20,0,5,11,5,2,0,0,1,0,0,0,145,2723,2066,2046,2,1
162845,0,0,42,551,137,792,179,103,33,1,6,7,13,1,0,0,1,0,0,0,134,2225,1762,1729,3,0
138232,0,0,85,504,13,131,8,0,26,1,9,4,6,7,0,0,0,0,0,0,176,2373,656,630,1,0
118701,0,1,51,82,33,54,71,30,41,2,5,2,4,5,0,0,0,0,0,0,145,2444,270,229,0,0
142710,1,0,11,964,34,137,15,0,11,2,5,2,10,8,0,0,0,0,0,0,151,2614,1150,1139,1,0
189891,0,1,30,909,12,278,0,12,242,3,5,2,11,8,1,0,0,0,0,0,142,2297,1211,969,1,0
127213,1,0,82,110,29,92,28,10,145,1,6,2,3,8,1,0,0,0,0,0,136,2433,269,124,1,0
157959,0,0,65,1060,21,530,32,0,224,1,5,11,5,3,1,0,1,0,0,0,165,2803,1643,1419,3,1
144635,0,1,55,1148,0,60,0,0,24,3,9,5,4,7,0,0,0,0,0,0,59,2685,1208,1184,1,1
155521,0,0,0,3,10,8,3,16,32,1,1,1,2,6,0,0,0,0,0,0,39,2415,40,8,0,0
126816,0,0,77,1285,42,716,55,0,21,0,7,10,5,2,0,0,1,0,0,0,79,2601,2098,2077,1,0
192491,1,0,79,4,9,16,17,0,12,2,2,1,2,8,0,0,0,0,0,0,42,2762,46,34,0,0
139552,1,0,26,36,2,42,20,21,10,2,2,1,4,3,0,0,0,0,0,0,31,2553,121,111,0,0
183033,0,1,17,422,7,238,69,46,15,1,7,2,12,4,0,0,0,0,0,0,43,2798,782,767,0,0
161284,1,1,13,488,23,71,15,0,59,11,8,3,7,7,0,0,0,0,0,0,47,2789,597,538,1,1
186580,0,0,1,1285,21,449,106,20,20,1,4,3,4,1,0,0,1,0,0,0,33,2422,1881,1861,2,1
0,0,1,3,62,1,44,6,5,22,1,2,1,4,4,0,0,0,0,0,0,58,2543,118,96,0,0
0,1,1,29,5,0,1,1,1,1,15,0,0,0,19,0,0,0,0,0,0,57,2165,8,7,0,0
0,1,0,68,141,8,129,3,11,47,3,7,1,4,9,1,0,0,0,0,0,36,2416,292,245,1,0
35322,1,2,34,28,9,37,12,7,13,3,2,0,4,8,0,0,0,0,0,0,52,2835,93,80,0,0
75777,0,0,12,712,26,538,69,13,80,1,3,6,11,1,0,0,1,0,0,0,38,2519,1358,1278,2,1
49572,1,1,25,35,1,16,0,1,1,2,2,0,3,7,0,0,0,0,0,0,62,2355,53,52,0,0
52034,1,1,67,146,0,93,7,13,73,5,4,2,5,7,0,0,0,0,0,0,47,2567,259,186,0,0
47111,0,1,35,595,71,153,120,112,41,6,3,2,10,9,0,0,0,0,0,0,49,2818,1051,1010,0,0
47808,0,1,30,123,1,26,2,0,72,2,3,2,3,7,1,0,0,0,0,0,45,2411,152,80,1,0
32218,0,0,27,10,24,15,13,1,30,1,2,1,3,7,1,0,0,0,0,0,60,2293,63,33,1,1
51717,0,1,55,98,1,17,0,1,5,1,3,0,4,7,0,0,0,0,0,0,55,2472,117,112,1,0
34421,1,0,81,3,3,7,6,2,9,1,1,0,2,7,0,0,0,0,0,0,46,2522,21,12,0,0
25130,1,0,10,2,5,7,0,18,18,2,2,0,3,7,0,0,0,0,0,0,40,2429,32,14,0,0
71604,0,0,3,345,53,528,98,75,97,1,8,3,5,4,1,0,0,0,0,0,75,2383,1099,1002,1,1
78825,0,0,35,483,74,114,169,37,18,1,5,10,13,3,0,0,0,0,0,0,56,2812,877,859,0,1
25252,1,0,26,1,3,4,2,2,6,1,1,0,2,8,0,0,0,0,0,0,34,2511,12,6,0,0
63564,0,0,0,769,80,252,15,34,65,1,10,10,7,6,1,0,0,0,0,0,66,2310,1150,1085,1,1
52332,0,0,63,212,5,33,7,0,2,1,3,2,6,4,0,1,0,0,0,0,61,2464,257,255,1,0
66726,1,1,61,349,7,35,0,0,47,3,8,2,4,7,0,1,0,0,0,0,63,2327,391,344,1,0
62981,0,0,21,796,14,590,38,44,0,1,4,5,13,3,0,1,0,0,0,0,53,2628,1482,1482,1,0
80067,0,0,82,519,17,813,27,173,51,1,4,6,6,2,0,0,1,0,0,0,66,2442,1549,1498,1,0
33444,1,1,24,8,0,8,0,0,2,1,1,0,2,8,0,0,0,0,0,0,68,2762,16,14,0,0
47352,0,1,70,172,12,112,8,0,15,4,6,1,5,7,0,0,0,0,0,0,69,2603,304,289,0,0
69867,0,0,30,196,0,512,33,130,54,1,3,5,8,1,0,0,0,1,0,0,34,2612,871,817,1,1
35178,1,0,10,23,1,13,2,2,18,1,1,1,2,7,1,0,0,0,0,0,49,2694,41,23,1,1
17117,1,0,96,12,23,38,30,18,7,4,3,1,3,9,0,0,0,0,0,0,42,2687,121,114,0,0
35924,1,1,56,8,0,14,2,3,7,1,1,0,3,5,0,0,0,0,0,0,51,2257,27,20,0,0
45207,1,1,64,203,0,10,0,0,2,5,3,1,6,6,0,1,0,0,0,0,46,2755,213,211,1,0
27683,1,0,90,152,9,121,12,12,45,4,6,2,4,8,0,0,0,0,0,0,42,2853,306,261,0,0
60093,0,1,92,502,12,109,16,6,90,2,7,2,10,6,0,0,0,0,0,0,46,2527,645,555,0,0
75345,0,0,16,918,57,842,99,38,133,1,5,8,6,3,0,0,0,1,0,0,50,2671,1954,1821,1,1
72903,0,0,74,1067,138,750,0,19,39,1,7,5,8,4,0,1,1,1,0,0,35,2402,1974,1935,3,1
33569,1,0,10,16,2,18,3,0,24,1,1,1,2,8,1,0,0,0,0,0,37,2415,39,15,1,1
39665,1,0,97,127,1,56,0,1,31,3,4,2,3,7,1,0,0,0,0,0,39,2559,185,154,1,0
62972,0,1,39,313,15,47,20,0,192,2,7,4,3,6,0,0,0,0,0,0,65,2854,395,203,0,0
59821,0,1,11,629,0,70,0,0,35,6,11,2,7,8,0,0,0,0,0,0,65,2602,699,664,0,0
81698,0,0,1,709,45,115,30,160,45,1,8,2,5,5,0,0,0,1,0,0,37,2644,1059,1014,1,1
75283,1,2,26,733,9,180,12,19,66,11,6,3,5,4,0,0,0,0,0,0,63,2618,953,887,0,0
45057,1,0,80,37,0,7,3,0,3,1,2,0,3,5,0,0,0,0,0,0,41,2369,47,44,0,0
76532,1,1,38,355,30,177,90,138,30,4,9,5,7,5,0,0,0,0,0,0,45,2452,790,760,0,0
64449,1,0,70,218,63,282,137,35,70,4,5,3,12,4,0,0,0,0,0,0,31,2290,735,665,0,0
31626,1,0,12,39,1,9,2,1,34,1,2,1,2,7,1,0,0,0,0,0,42,2574,52,18,1,1
67433,0,2,51,615,28,259,12,48,30,4,6,5,13,4,0,1,0,0,0,0,68,2507,962,932,1,0
38643,1,1,45,22,2,14,0,1,10,2,2,0,3,7,0,0,0,0,0,1,42,2371,39,29,0,0
42192,0,0,40,40,15,15,17,6,7,1,2,1,3,4,0,0,0,0,0,0,72,2455,93,86,0,0
57045,0,1,40,296,13,104,11,13,17,3,4,2,9,3,0,0,0,0,0,0,70,2818,437,420,0,0
42081,1,0,86,175,10,110,54,6,27,2,6,3,4,6,1,0,0,0,0,0,38,2647,355,328,1,0
61872,0,1,81,330,5,159,36,27,16,4,4,4,9,4,0,0,0,0,0,0,50,2357,557,541,0,0
72967,0,1,1,158,35,179,0,0,125,2,7,2,8,5,1,0,0,0,0,0,50,2720,372,247,1,1
70951,0,0,66,239,10,554,254,87,54,1,3,4,9,1,0,0,0,0,0,0,35,2580,1144,1090,0,0
16813,0,0,49,4,8,11,12,2,13,1,2,0,3,7,1,0,0,0,0,0,70,2504,37,24,1,0
26759,1,0,65,25,3,16,8,5,2,2,2,1,3,6,0,0,0,0,0,0,48,2301,57,55,0,0
56534,0,1,35,691,7,61,10,0,46,4,10,4,7,8,0,1,0,0,1,0,52,2500,769,723,2,1
63810,0,1,45,977,12,253,16,12,101,4,4,3,12,8,0,1,0,0,0,0,54,2754,1270,1169,1,0
32583,1,1,10,5,0,3,0,0,1,1,1,0,2,7,0,0,0,0,0,0,59,2173,8,7,0,0
93790,0,0,16,1302,68,731,89,114,45,0,6,7,12,2,0,1,1,1,0,0,50,2296,2304,2259,3,1
69209,0,0,4,496,32,849,229,48,128,2,5,3,6,4,0,0,0,1,0,0,48,2809,1654,1526,1,0
83528,0,0,7,530,117,678,134,44,147,1,4,10,8,1,1,0,0,1,0,0,28,2218,1503,1356,2,1
59111,0,0,90,524,0,134,28,28,155,1,11,1,8,7,0,0,0,0,0,0,66,2582,714,559,0,0
44300,1,1,65,30,0,9,0,0,3,2,1,0,3,6,0,0,0,0,0,0,55,2530,39,36,0,0
21024,0,0,89,36,4,18,6,2,18,1,2,0,4,7,0,0,0,0,0,0,44,2519,66,48,0,0
62513,0,1,16,520,42,98,0,42,14,2,6,4,10,6,0,0,0,0,0,0,53,2452,702,688,0,0
65031,0,1,29,258,107,291,84,37,86,4,10,3,13,7,0,0,0,0,0,0,61,2628,777,691,0,0
22634,0,0,47,2,23,11,8,6,46,1,2,1,2,8,0,0,0,0,0,0,54,2688,50,4,0,0
74881,1,1,48,505,72,270,36,27,54,4,9,2,12,5,0,0,0,0,0,0,59,2637,910,856,0,0
61823,0,1,26,523,7,134,37,14,169,4,8,2,10,7,0,0,0,0,0,0,68,2655,715,546,0,0
65488,0,0,46,603,45,207,36,18,54,1,3,4,6,1,0,0,0,0,0,0,62,2175,909,855,0,0
76618,0,0,64,749,40,294,121,160,147,1,3,2,5,1,0,0,0,0,0,0,45,2728,1364,1217,0,0
66664,0,0,78,398,96,447,220,96,32,1,5,7,6,3,0,0,0,0,0,0,38,2801,1257,1225,0,0
16005,1,0,69,1,3,2,20,30,47,3,2,1,2,8,0,0,0,0,0,0,40,2843,56,9,0,0
37717,1,0,31,9,0,6,4,1,5,1,1,0,2,9,0,0,0,0,0,0,42,2742,20,15,0,0
77870,0,1,93,1017,50,500,65,50,133,3,5,5,5,8,0,1,0,1,0,0,53,2835,1682,1549,2,1
85606,0,1,89,717,42,864,219,30,84,2,6,7,9,3,0,0,0,1,0,0,44,2753,1872,1788,1,0
37774,2,0,28,173,8,107,7,2,176,4,7,2,3,9,1,0,0,0,0,1,43,2823,297,121,1,1
42021,1,0,34,393,5,136,7,5,27,5,10,1,6,9,1,0,0,0,0,0,39,2826,546,519,1,0
69932,0,1,97,412,172,153,150,105,57,2,7,6,11,4,0,0,0,0,0,0,56,2541,992,935,0,0
82582,0,0,54,510,120,550,156,40,241,1,4,9,7,1,1,0,0,1,0,0,43,2181,1376,1135,2,1
77622,0,2,3,520,7,154,19,0,14,2,6,3,11,3,0,0,0,0,0,0,50,2235,700,686,0,0
56796,0,1,24,656,38,161,62,47,37,3,8,9,7,7,0,0,0,0,0,0,51,2657,964,927,0,0
42429,0,1,99,55,0,6,2,0,4,2,1,1,3,5,0,0,0,0,0,0,47,2297,63,59,0,0
69098,0,0,82,1315,22,780,145,0,178,1,7,8,9,5,0,0,0,0,0,0,71,2657,2262,2084,0,0
56628,0,1,30,479,5,82,7,17,171,2,7,6,5,5,1,0,0,0,0,0,43,2259,590,419,1,0
61839,0,0,20,1000,155,379,224,17,120,1,4,8,4,8,0,0,0,0,0,0,56,2845,1775,1655,0,0
37126,1,0,9,45,3,9,4,4,7,1,1,2,2,6,1,0,0,0,0,0,49,2250,65,58,1,1
82497,0,0,32,777,129,573,216,21,203,1,2,7,9,4,0,0,1,0,0,0,40,2765,1716,1513,1,0
58350,0,1,5,493,26,206,116,80,80,4,8,3,12,6,0,0,0,0,0,0,49,2700,921,841,0,0
48192,0,0,76,1039,43,204,153,58,29,3,2,8,12,8,0,1,0,1,1,0,62,2608,1497,1468,3,1
26518,1,1,33,20,1,28,3,3,2,3,2,0,3,8,0,0,0,0,0,0,71,2606,55,53,0,1
66565,0,1,80,747,10,161,65,40,42,4,4,2,9,8,0,0,0,0,0,0,58,2730,1023,981,0,0
56939,0,1,19,256,34,103,90,29,49,2,3,3,10,3,0,0,0,0,0,0,44,2443,512,463,0,0
28072,1,0,10,30,0,10,2,0,5,1,1,0,3,7,0,0,0,0,0,0,34,2515,42,37,0,0
50501,1,1,10,297,0,38,13,0,152,7,5,4,4,6,1,0,0,0,0,0,66,2535,348,196,1,1
80124,0,0,47,483,84,398,205,84,241,1,3,7,8,1,1,0,0,0,0,0,57,2162,1254,1013,1,0
51124,1,1,79,26,1,11,0,1,4,2,1,0,3,3,0,0,0,0,0,0,65,2352,39,35,0,0
52117,0,1,55,112,10,107,30,0,20,2,5,2,4,7,0,0,0,0,0,0,55,2841,259,239,0,0
22280,1,0,85,2,1,4,3,1,2,1,1,0,2,8,0,0,0,0,0,0,45,2565,11,9,0,0
57288,0,1,27,527,0,21,0,0,60,3,8,1,8,6,0,1,0,0,0,0,57,2163,548,488,1,0
33419,0,1,76,56,0,12,0,0,18,2,2,0,4,7,0,0,0,0,0,0,58,2475,68,50,0,0
75012,0,0,41,294,142,218,164,58,151,1,3,8,11,1,0,0,0,0,0,0,44,2314,876,725,0,0
23091,1,1,98,35,0,11,0,0,2,4,2,1,3,7,0,0,0,0,0,0,57,2191,46,44,0,0
75759,0,0,46,1394,22,708,89,91,182,1,9,7,9,5,1,0,1,1,0,0,51,2406,2304,2122,3,1
73538,0,1,92,811,76,428,99,137,107,3,10,4,9,7,0,0,0,0,0,0,55,2740,1551,1444,0,0
73687,0,0,8,559,153,503,218,13,181,1,3,9,9,2,0,0,0,1,0,0,30,2372,1446,1265,1,1
52845,1,0,7,384,25,292,130,41,64,3,8,8,6,6,1,0,0,0,0,0,47,2479,872,808,1,0
57705,0,1,14,383,0,53,6,4,40,3,8,1,6,6,0,0,0,0,0,0,54,2328,446,406,0,0
59594,0,1,74,457,4,29,0,0,9,1,8,1,7,7,0,1,0,0,0,0,55,2776,490,481,1,0
26751,2,0,26,1,1,5,0,3,1,1,1,0,2,8,0,0,0,0,0,0,46,2197,10,9,0,0
30538,1,0,27,284,0,52,8,3,20,4,9,0,4,10,0,0,0,0,0,0,49,2795,347,327,0,0
47823,0,1,0,53,1,5,2,1,10,2,2,0,3,8,0,0,0,0,0,0,60,2500,62,52,0,0
56046,0,0,9,577,0,64,0,0,51,2,10,1,8,8,1,0,0,0,0,0,55,2702,641,590,1,1
76068,0,1,67,1115,12,128,33,12,76,1,2,3,4,6,0,1,0,0,1,0,45,2736,1300,1224,2,0
67430,0,0,6,595,97,291,127,133,121,1,11,5,12,6,0,0,0,0,0,0,33,2821,1243,1122,0,0
47958,0,1,8,268,11,88,15,3,22,2,6,3,5,5,0,0,0,0,0,0,68,2685,385,363,0,0
48948,0,0,53,437,8,206,160,49,42,2,7,10,5,6,1,0,0,0,0,0,77,2672,860,818,1,1
81929,1,0,60,1486,55,278,49,0,185,2,4,4,10,6,1,0,1,0,0,0,44,2797,1868,1683,2,1
73892,0,0,40,703,102,601,0,58,43,1,3,11,8,1,0,0,0,0,0,0,67,2387,1464,1421,0,1
23830,0,0,3,1,8,6,4,8,16,1,1,0,3,7,0,0,0,0,0,0,33,2301,27,11,0,0
34968,1,0,11,158,6,45,8,2,2,7,3,2,5,7,0,0,0,0,0,0,40,2604,219,217,0,0
63211,0,0,3,145,193,459,205,26,145,2,3,8,7,2,0,0,0,0,0,0,38,2763,1028,883,0,1
15038,1,0,93,4,8,11,19,12,26,2,2,1,2,9,0,0,0,0,0,0,33,2675,54,28,0,0
54237,0,1,48,267,3,30,4,0,57,4,5,2,5,6,0,0,0,0,0,0,63,2587,304,247,0,0
38808,1,0,21,125,17,52,3,19,30,4,5,1,4,8,1,0,0,0,0,0,48,2831,216,186,1,1
65106,0,1,55,790,19,133,12,0,19,3,8,3,13,6,0,1,0,0,0,0,45,2195,954,935,1,0
61996,0,1,27,1050,12,144,0,0,24,3,6,4,8,5,0,1,0,1,1,0,43,2673,1206,1182,3,1
53103,0,1,70,729,17,133,11,0,195,5,10,6,7,7,1,0,0,0,0,0,66,2449,890,695,1,0
74165,0,0,9,1001,12,240,16,12,12,1,5,4,10,2,0,0,0,0,0,0,45,2583,1281,1269,0,0
70503,0,0,73,1379,33,216,0,33,66,1,2,4,9,6,0,1,1,0,0,0,67,2796,1661,1595,2,0
33996,0,0,46,40,2,15,8,0,6,1,1,1,3,4,0,0,0,0,0,0,31,2450,65,59,0,0
78468,0,0,29,434,22,388,104,22,34,1,10,7,10,4,0,0,0,1,0,0,60,2240,970,936,1,0
27190,1,0,13,1,6,7,0,1,3,1,1,0,2,8,1,0,0,0,0,0,47,2477,15,12,1,1
72635,0,0,54,390,22,323,104,35,107,1,6,8,6,3,0,0,0,1,0,0,65,2550,874,767,1,0
83151,0,0,93,407,28,100,120,74,18,1,5,9,4,3,0,0,0,0,0,0,60,2786,729,711,0,0
63120,0,1,53,965,69,279,54,41,69,5,8,4,9,7,0,0,0,0,0,0,70,2798,1408,1339,0,1
68316,0,1,54,806,80,161,120,11,33,5,10,7,10,6,0,0,0,0,0,0,56,2761,1178,1145,0,0
71952,1,0,93,656,80,455,52,107,93,2,8,4,8,4,1,0,1,0,0,0,34,2694,1350,1257,2,0
68118,0,1,51,595,23,123,10,23,154,2,8,9,4,6,0,0,0,0,0,0,57,2413,774,620,0,0
60839,1,1,72,600,21,128,223,150,128,13,2,2,12,8,0,0,0,0,0,0,41,2829,1122,994,0,0
27803,1,0,40,8,26,46,38,9,49,2,3,0,4,8,0,0,0,0,0,0,47,2831,127,78,0,0
51250,1,0,28,342,32,230,34,32,40,5,10,5,4,9,1,0,0,0,0,0,30,2615,670,630,1,0
60432,0,1,61,365,3,15,4,3,11,5,7,2,5,6,0,0,0,0,0,0,47,2271,390,379,0,0
74116,0,0,53,871,111,704,145,55,166,1,4,4,10,2,0,1,0,0,0,0,38,2340,1886,1720,1,0
13724,1,0,43,2,7,5,2,15,27,1,2,0,2,9,1,0,0,0,0,0,32,2826,31,4,1,0
65463,1,0,17,391,32,70,21,32,16,2,6,2,9,5,0,1,0,0,0,0,46,2309,546,530,1,0
69969,0,0,64,882,29,514,38,29,44,1,4,2,6,3,0,0,1,1,0,0,55,2465,1492,1448,2,1
65526,0,1,22,397,19,69,12,0,9,1,4,4,8,2,0,0,0,0,0,0,56,2238,497,488,0,0
25509,1,0,15,40,3,30,10,7,11,3,3,0,3,9,0,0,0,0,0,0,46,2808,90,79,0,1
82716,0,0,8,606,148,228,15,148,22,1,6,8,13,2,0,0,0,0,0,0,76,2395,1145,1123,0,0
31535,1,0,95,15,4,13,0,0,19,1,1,1,2,7,1,0,0,0,0,0,40,2435,32,13,1,0
44503,1,1,83,31,1,8,0,0,8,2,2,0,3,6,0,0,0,0,0,0,48,2233,40,32,0,0
70300,1,0,89,1045,61,338,60,46,46,3,5,5,13,8,0,0,0,0,0,0,45,2508,1550,1504,0,0
64866,0,1,9,508,5,21,7,5,10,4,7,3,7,5,0,1,0,0,0,0,70,2313,546,536,1,0
34529,1,0,94,68,6,38,3,6,41,2,2,2,3,7,0,0,0,0,0,0,44,2812,121,80,0,0
42473,1,1,72,93,1,21,0,4,25,3,2,1,4,5,0,0,0,0,0,0,44,2291,119,94,0,0
65991,0,1,21,507,19,364,25,47,9,3,9,5,10,7,0,0,0,0,0,0,44,2819,962,953,0,0
73803,0,1,61,833,80,363,52,26,174,2,9,5,6,6,1,0,0,0,0,0,63,2856,1354,1180,1,1
75261,0,0,17,1239,17,413,23,34,17,1,5,6,5,2,0,1,1,0,0,0,65,2591,1726,1709,2,1
74918,0,0,78,972,59,913,25,19,59,1,5,9,6,3,0,0,1,0,0,0,51,2633,1988,1929,1,0
59235,1,0,4,448,40,469,80,0,91,3,11,2,12,7,0,0,0,0,0,0,53,2692,1037,946,0,0
72071,0,1,4,531,69,300,150,138,150,3,5,4,8,2,0,0,0,0,0,0,66,2659,1188,1038,0,0
51537,0,1,27,787,20,204,0,0,92,3,2,2,11,8,0,0,0,0,0,0,68,2726,1011,919,0,0
92344,0,0,9,992,24,694,51,19,119,0,5,10,5,1,1,0,1,0,0,0,72,2324,1780,1661,2,0
74859,0,0,63,570,73,614,133,102,73,1,6,5,11,3,0,0,0,1,0,0,71,2550,1492,1419,1,0
79941,0,0,72,123,164,266,227,30,174,1,2,4,9,1,0,0,0,0,0,0,44,2160,810,636,0,0
22775,1,0,40,5,1,8,0,0,1,1,1,0,2,8,0,0,0,0,0,0,42,2534,14,13,0,0
25721,1,0,75,1,3,6,3,6,15,1,1,1,2,7,0,0,0,0,0,0,49,2563,19,4,0,1
54998,0,1,3,154,22,202,39,30,8,5,4,2,9,4,0,0,0,0,0,0,64,2635,447,439,0,1
94384,0,0,62,1111,24,790,160,45,172,0,5,8,5,2,0,1,1,1,0,0,67,2641,2130,1958,3,1
66480,1,1,71,199,9,57,20,21,6,7,4,1,7,4,0,0,0,0,0,0,55,2188,306,300,0,0
40590,1,1,30,154,0,50,6,11,37,5,3,4,3,6,1,0,0,0,0,0,51,2429,221,184,1,0
20895,1,0,24,18,3,17,3,0,4,1,2,0,3,9,0,0,0,0,0,0,47,2790,41,37,0,0
31497,0,1,22,108,1,28,13,1,4,2,3,1,4,8,0,0,0,0,0,0,58,2729,151,147,0,0
35688,2,1,94,73,3,90,12,1,32,7,4,1,4,8,0,0,0,0,0,0,47,2835,179,147,0,0
46891,0,1,91,43,12,23,29,15,61,1,2,1,4,4,0,0,0,0,0,0,55,2460,122,61,0,0
32414,0,0,11,20,6,5,0,9,12,1,1,0,3,7,1,0,0,0,0,0,36,2519,40,28,1,0
58582,0,1,15,402,35,106,101,77,42,2,9,2,9,5,0,1,0,0,0,0,38,2433,721,679,1,0
17256,1,0,10,6,4,14,8,8,22,2,2,1,2,8,1,0,0,0,0,0,28,2377,40,18,1,0
78128,0,1,89,934,24,230,16,24,36,2,8,4,6,3,0,1,1,0,0,0,46,2289,1228,1192,2,0
80124,0,0,47,483,84,398,205,84,241,1,3,7,8,1,1,0,0,0,0,0,57,2162,1254,1013,1,0
66303,0,1,56,1090,12,96,16,12,60,4,3,4,11,8,0,1,0,0,0,0,49,2647,1226,1166,1,0
66973,0,0,98,466,22,432,147,113,102,1,8,7,12,3,0,0,0,0,0,0,31,2567,1180,1078,0,0
40211,1,1,30,51,1,7,2,1,25,2,2,1,2,8,1,0,0,0,0,0,39,2493,62,37,1,0
94871,0,2,99,169,24,553,188,0,144,1,8,5,4,7,0,1,1,0,0,0,51,2825,934,790,2,1
18988,1,0,43,6,0,6,2,1,1,2,1,0,3,7,0,0,0,0,0,0,36,2196,15,14,0,0
53187,1,0,66,211,2,30,7,7,10,2,4,1,6,5,0,0,0,0,0,0,50,2405,257,247,0,0
33471,1,0,47,43,2,27,0,9,12,3,3,0,4,7,0,0,0,0,0,0,47,2784,81,69,0,0
